,imgs,labels
0,47877.jpg,6
1,26889.jpg,6
2,47963.jpg,6
3,12759.jpg,6
4,16792.jpg,6
5,55975.jpg,6
6,33272.jpg,6
7,9421.jpg,6
8,9126.jpg,6
9,39736.jpg,6
10,45664.jpg,6
11,31203.jpg,6
12,28943.jpg,6
13,34003.jpg,6
14,35055.jpg,6
15,35566.jpg,6
16,36985.jpg,6
17,34652.jpg,6
18,15459.jpg,6
19,37502.jpg,6
20,56964.jpg,6
21,41214.jpg,6
22,55162.jpg,6
23,12468.jpg,6
24,33910.jpg,6
25,41308.jpg,6
26,33063.jpg,6
27,56098.jpg,6
28,16667.jpg,6
29,59032.jpg,6
30,52908.jpg,6
31,33934.jpg,6
32,1731.jpg,6
33,40775.jpg,6
34,47492.jpg,6
35,21696.jpg,6
36,45542.jpg,6
37,19157.jpg,6
38,5374.jpg,6
39,33217.jpg,6
40,12201.jpg,6
41,11479.jpg,6
42,57419.jpg,6
43,58415.jpg,6
44,41736.jpg,6
45,12762.jpg,6
46,41940.jpg,6
47,51295.jpg,6
48,13261.jpg,6
49,4349.jpg,6
50,11386.jpg,6
51,43413.jpg,6
52,36698.jpg,6
53,30715.jpg,6
54,57756.jpg,6
55,52667.jpg,6
56,29686.jpg,6
57,31612.jpg,6
58,8140.jpg,6
59,45566.jpg,6
60,57514.jpg,6
61,40961.jpg,6
62,36291.jpg,6
63,21934.jpg,6
64,6982.jpg,6
65,44452.jpg,6
66,28170.jpg,6
67,10037.jpg,6
68,5218.jpg,6
69,29597.jpg,6
70,24474.jpg,6
71,38856.jpg,6
72,24030.jpg,6
73,20486.jpg,6
74,49510.jpg,6
75,28222.jpg,6
76,35027.jpg,6
77,6789.jpg,6
78,47239.jpg,6
79,47358.jpg,6
80,5772.jpg,6
81,5365.jpg,6
82,46067.jpg,6
83,45138.jpg,6
84,13147.jpg,6
85,25393.jpg,6
86,28934.jpg,6
87,26551.jpg,6
88,49233.jpg,6
89,9237.jpg,6
90,52518.jpg,6
91,21081.jpg,6
92,50387.jpg,6
93,5561.jpg,6
94,6631.jpg,6
95,41323.jpg,6
96,4078.jpg,6
97,59754.jpg,6
98,13760.jpg,6
99,13085.jpg,6
100,31204.jpg,6
101,42558.jpg,6
102,20076.jpg,6
103,26614.jpg,6
104,34896.jpg,6
105,1706.jpg,6
106,55196.jpg,6
107,52560.jpg,6
108,3050.jpg,6
109,48689.jpg,6
110,50588.jpg,6
111,47191.jpg,6
112,50086.jpg,6
113,27217.jpg,6
114,17524.jpg,6
115,56796.jpg,6
116,48886.jpg,6
117,43225.jpg,6
118,40862.jpg,6
119,54390.jpg,6
120,12469.jpg,6
121,7868.jpg,6
122,51402.jpg,6
123,23186.jpg,6
124,30444.jpg,6
125,38172.jpg,6
126,49173.jpg,6
127,13941.jpg,6
128,48493.jpg,6
129,38322.jpg,6
130,12177.jpg,6
131,10709.jpg,6
132,7581.jpg,6
133,10813.jpg,6
134,25358.jpg,6
135,30045.jpg,6
136,10383.jpg,6
137,7086.jpg,6
138,7700.jpg,6
139,10792.jpg,6
140,10101.jpg,6
141,20663.jpg,6
142,25795.jpg,6
143,32912.jpg,6
144,50241.jpg,6
145,39154.jpg,6
146,53111.jpg,6
147,28890.jpg,6
148,6673.jpg,6
149,52858.jpg,6
150,43744.jpg,6
151,25636.jpg,6
152,2486.jpg,6
153,21753.jpg,6
154,17168.jpg,6
155,33474.jpg,6
156,7049.jpg,6
157,41351.jpg,6
158,33929.jpg,6
159,18821.jpg,6
160,41303.jpg,6
161,15287.jpg,6
162,31212.jpg,6
163,56171.jpg,6
164,50160.jpg,6
165,12448.jpg,6
166,7785.jpg,6
167,24576.jpg,6
168,16332.jpg,6
169,35154.jpg,6
170,15896.jpg,6
171,49478.jpg,6
172,43386.jpg,6
173,44394.jpg,6
174,48999.jpg,6
175,16822.jpg,6
176,54298.jpg,6
177,23958.jpg,6
178,21041.jpg,6
179,59981.jpg,6
180,35433.jpg,6
181,49328.jpg,6
182,18154.jpg,6
183,26759.jpg,6
184,665.jpg,6
185,16847.jpg,6
186,51311.jpg,6
187,45338.jpg,6
188,19562.jpg,6
189,44463.jpg,6
190,50266.jpg,6
191,41423.jpg,6
192,28975.jpg,6
193,53754.jpg,6
194,20469.jpg,6
195,17011.jpg,6
196,33549.jpg,6
197,40282.jpg,6
198,9863.jpg,6
199,1686.jpg,6
200,6427.jpg,3
201,46848.jpg,3
202,59092.jpg,3
203,28668.jpg,3
204,51237.jpg,3
205,23281.jpg,3
206,14916.jpg,3
207,49446.jpg,3
208,34058.jpg,3
209,25802.jpg,3
210,28276.jpg,3
211,42930.jpg,3
212,34026.jpg,3
213,40572.jpg,3
214,1599.jpg,3
215,3550.jpg,3
216,27741.jpg,3
217,54730.jpg,3
218,45264.jpg,3
219,5067.jpg,3
220,57492.jpg,3
221,6340.jpg,3
222,1428.jpg,3
223,48682.jpg,3
224,5396.jpg,3
225,4638.jpg,3
226,53903.jpg,3
227,15793.jpg,3
228,20565.jpg,3
229,38983.jpg,3
230,17409.jpg,3
231,12307.jpg,3
232,3670.jpg,3
233,51116.jpg,3
234,55881.jpg,3
235,30090.jpg,3
236,55194.jpg,3
237,7915.jpg,3
238,35015.jpg,3
239,15379.jpg,3
240,35640.jpg,3
241,255.jpg,3
242,44608.jpg,3
243,51085.jpg,3
244,49390.jpg,3
245,55566.jpg,3
246,40739.jpg,3
247,14619.jpg,3
248,32281.jpg,3
249,6827.jpg,3
250,55746.jpg,3
251,33594.jpg,3
252,16191.jpg,3
253,21582.jpg,3
254,54655.jpg,3
255,25631.jpg,3
256,51230.jpg,3
257,18528.jpg,3
258,425.jpg,3
259,48321.jpg,3
260,13325.jpg,3
261,43064.jpg,3
262,37280.jpg,3
263,42931.jpg,3
264,24278.jpg,3
265,31596.jpg,3
266,39982.jpg,3
267,5922.jpg,3
268,33225.jpg,3
269,20626.jpg,3
270,34208.jpg,3
271,24251.jpg,3
272,48193.jpg,3
273,58544.jpg,3
274,35986.jpg,3
275,57568.jpg,3
276,9491.jpg,3
277,2408.jpg,3
278,22032.jpg,3
279,47587.jpg,3
280,6784.jpg,3
281,47669.jpg,3
282,35582.jpg,3
283,26284.jpg,3
284,51154.jpg,3
285,54481.jpg,3
286,36990.jpg,3
287,44211.jpg,3
288,1677.jpg,3
289,19758.jpg,3
290,47746.jpg,3
291,38145.jpg,3
292,15938.jpg,3
293,5442.jpg,3
294,24501.jpg,3
295,38970.jpg,3
296,3552.jpg,3
297,58774.jpg,3
298,40811.jpg,3
299,57172.jpg,3
300,5408.jpg,3
301,7765.jpg,3
302,36755.jpg,3
303,49529.jpg,3
304,4235.jpg,3
305,32786.jpg,3
306,10796.jpg,3
307,58747.jpg,3
308,9078.jpg,3
309,31825.jpg,3
310,28759.jpg,3
311,7396.jpg,3
312,16193.jpg,3
313,25689.jpg,3
314,47678.jpg,3
315,27238.jpg,3
316,26033.jpg,3
317,41929.jpg,3
318,3178.jpg,3
319,53165.jpg,3
320,6632.jpg,3
321,25809.jpg,3
322,38714.jpg,3
323,18485.jpg,3
324,22674.jpg,3
325,26692.jpg,3
326,26378.jpg,3
327,7261.jpg,3
328,42476.jpg,3
329,39116.jpg,3
330,11999.jpg,3
331,41233.jpg,3
332,55383.jpg,3
333,3400.jpg,3
334,36488.jpg,3
335,58080.jpg,3
336,17435.jpg,3
337,2818.jpg,3
338,55737.jpg,3
339,47676.jpg,3
340,4795.jpg,3
341,45655.jpg,3
342,42343.jpg,3
343,40463.jpg,3
344,51655.jpg,3
345,45545.jpg,3
346,13519.jpg,3
347,49966.jpg,3
348,39928.jpg,3
349,34710.jpg,3
350,41494.jpg,3
351,6687.jpg,3
352,55144.jpg,3
353,35248.jpg,3
354,52917.jpg,3
355,10093.jpg,3
356,53107.jpg,3
357,53332.jpg,3
358,3713.jpg,3
359,37652.jpg,3
360,59691.jpg,3
361,33986.jpg,3
362,41624.jpg,3
363,52565.jpg,3
364,33009.jpg,3
365,37569.jpg,3
366,58587.jpg,3
367,35528.jpg,3
368,58343.jpg,3
369,18739.jpg,3
370,47173.jpg,3
371,10155.jpg,3
372,5392.jpg,3
373,13293.jpg,3
374,1661.jpg,3
375,9953.jpg,3
376,36525.jpg,3
377,14880.jpg,3
378,3466.jpg,3
379,27173.jpg,3
380,48626.jpg,3
381,10402.jpg,3
382,10042.jpg,3
383,27930.jpg,3
384,12775.jpg,3
385,24271.jpg,3
386,33263.jpg,3
387,20203.jpg,3
388,38294.jpg,3
389,59318.jpg,3
390,34481.jpg,3
391,7980.jpg,3
392,15226.jpg,3
393,56504.jpg,3
394,18948.jpg,3
395,17155.jpg,3
396,42588.jpg,3
397,45675.jpg,3
398,26739.jpg,3
399,7065.jpg,3
400,26800.jpg,2
401,25412.jpg,2
402,10898.jpg,2
403,37671.jpg,2
404,43964.jpg,2
405,35347.jpg,2
406,53656.jpg,2
407,52898.jpg,2
408,7760.jpg,2
409,54314.jpg,2
410,34441.jpg,2
411,27239.jpg,2
412,59177.jpg,2
413,3244.jpg,2
414,52319.jpg,2
415,46956.jpg,2
416,190.jpg,2
417,4212.jpg,2
418,43101.jpg,2
419,41766.jpg,2
420,3199.jpg,2
421,15137.jpg,2
422,55540.jpg,2
423,34944.jpg,2
424,48545.jpg,2
425,43854.jpg,2
426,25735.jpg,2
427,16547.jpg,2
428,43617.jpg,2
429,33863.jpg,2
430,10130.jpg,2
431,45484.jpg,2
432,2019.jpg,2
433,31241.jpg,2
434,49430.jpg,2
435,1800.jpg,2
436,6549.jpg,2
437,14121.jpg,2
438,18776.jpg,2
439,27456.jpg,2
440,40899.jpg,2
441,16760.jpg,2
442,40539.jpg,2
443,3934.jpg,2
444,22397.jpg,2
445,40562.jpg,2
446,25156.jpg,2
447,1444.jpg,2
448,29290.jpg,2
449,52942.jpg,2
450,48417.jpg,2
451,16677.jpg,2
452,44166.jpg,2
453,16532.jpg,2
454,29717.jpg,2
455,2078.jpg,2
456,37437.jpg,2
457,11997.jpg,2
458,49781.jpg,2
459,55202.jpg,2
460,29449.jpg,2
461,1660.jpg,2
462,48767.jpg,2
463,56876.jpg,2
464,19767.jpg,2
465,49098.jpg,2
466,43477.jpg,2
467,7939.jpg,2
468,36039.jpg,2
469,3741.jpg,2
470,54025.jpg,2
471,9572.jpg,2
472,52757.jpg,2
473,30534.jpg,2
474,36450.jpg,2
475,27434.jpg,2
476,24803.jpg,2
477,32475.jpg,2
478,28169.jpg,2
479,46036.jpg,2
480,10264.jpg,2
481,55899.jpg,2
482,46105.jpg,2
483,54297.jpg,2
484,7029.jpg,2
485,52188.jpg,2
486,14876.jpg,2
487,14484.jpg,2
488,58126.jpg,2
489,7467.jpg,2
490,12844.jpg,2
491,56009.jpg,2
492,29911.jpg,2
493,4451.jpg,2
494,35403.jpg,2
495,17579.jpg,2
496,51212.jpg,2
497,7615.jpg,2
498,32435.jpg,2
499,38937.jpg,2
500,25923.jpg,2
501,46002.jpg,2
502,5528.jpg,2
503,13374.jpg,2
504,23410.jpg,2
505,59030.jpg,2
506,17137.jpg,2
507,14807.jpg,2
508,27761.jpg,2
509,37307.jpg,2
510,36853.jpg,2
511,43184.jpg,2
512,53878.jpg,2
513,57981.jpg,2
514,27138.jpg,2
515,14007.jpg,2
516,52331.jpg,2
517,16837.jpg,2
518,22688.jpg,2
519,26630.jpg,2
520,42310.jpg,2
521,57096.jpg,2
522,28074.jpg,2
523,46317.jpg,2
524,6124.jpg,2
525,53056.jpg,2
526,12286.jpg,2
527,39145.jpg,2
528,22044.jpg,2
529,59004.jpg,2
530,17595.jpg,2
531,56473.jpg,2
532,6624.jpg,2
533,38409.jpg,2
534,381.jpg,2
535,34218.jpg,2
536,6974.jpg,2
537,25332.jpg,2
538,52839.jpg,2
539,8428.jpg,2
540,59290.jpg,2
541,6685.jpg,2
542,24055.jpg,2
543,22280.jpg,2
544,55528.jpg,2
545,50452.jpg,2
546,16772.jpg,2
547,49917.jpg,2
548,49160.jpg,2
549,25265.jpg,2
550,36693.jpg,2
551,45412.jpg,2
552,23887.jpg,2
553,51648.jpg,2
554,39434.jpg,2
555,51983.jpg,2
556,52316.jpg,2
557,31665.jpg,2
558,46887.jpg,2
559,29247.jpg,2
560,29519.jpg,2
561,10785.jpg,2
562,29171.jpg,2
563,29853.jpg,2
564,11491.jpg,2
565,26325.jpg,2
566,29025.jpg,2
567,18300.jpg,2
568,11748.jpg,2
569,56263.jpg,2
570,54330.jpg,2
571,37481.jpg,2
572,38652.jpg,2
573,6764.jpg,2
574,8614.jpg,2
575,14517.jpg,2
576,29784.jpg,2
577,56493.jpg,2
578,23716.jpg,2
579,47688.jpg,2
580,38637.jpg,2
581,26688.jpg,2
582,5400.jpg,2
583,53512.jpg,2
584,23610.jpg,2
585,57104.jpg,2
586,47235.jpg,2
587,23718.jpg,2
588,10411.jpg,2
589,59855.jpg,2
590,48738.jpg,2
591,35331.jpg,2
592,14702.jpg,2
593,40405.jpg,2
594,55507.jpg,2
595,16408.jpg,2
596,15440.jpg,2
597,5236.jpg,2
598,32382.jpg,2
599,34680.jpg,2
600,37919.jpg,9
601,39657.jpg,9
602,14142.jpg,9
603,29124.jpg,9
604,55468.jpg,9
605,44469.jpg,9
606,56906.jpg,9
607,53247.jpg,9
608,22088.jpg,9
609,9784.jpg,9
610,26730.jpg,9
611,54055.jpg,9
612,57636.jpg,9
613,27231.jpg,9
614,22824.jpg,9
615,20434.jpg,9
616,35189.jpg,9
617,16039.jpg,9
618,59238.jpg,9
619,43000.jpg,9
620,18860.jpg,9
621,56216.jpg,9
622,35623.jpg,9
623,10857.jpg,9
624,10794.jpg,9
625,56877.jpg,9
626,2370.jpg,9
627,57896.jpg,9
628,39576.jpg,9
629,33961.jpg,9
630,22050.jpg,9
631,16981.jpg,9
632,3649.jpg,9
633,24701.jpg,9
634,49003.jpg,9
635,26518.jpg,9
636,46065.jpg,9
637,12529.jpg,9
638,19629.jpg,9
639,1659.jpg,9
640,35824.jpg,9
641,183.jpg,9
642,3781.jpg,9
643,34072.jpg,9
644,49599.jpg,9
645,37906.jpg,9
646,374.jpg,9
647,20341.jpg,9
648,29332.jpg,9
649,43419.jpg,9
650,58187.jpg,9
651,26155.jpg,9
652,1826.jpg,9
653,36779.jpg,9
654,10685.jpg,9
655,45689.jpg,9
656,33199.jpg,9
657,56507.jpg,9
658,53142.jpg,9
659,55612.jpg,9
660,8721.jpg,9
661,7094.jpg,9
662,52093.jpg,9
663,7774.jpg,9
664,47874.jpg,9
665,19024.jpg,9
666,21987.jpg,9
667,36629.jpg,9
668,59050.jpg,9
669,36777.jpg,9
670,59486.jpg,9
671,1884.jpg,9
672,25303.jpg,9
673,45944.jpg,9
674,17959.jpg,9
675,7627.jpg,9
676,56212.jpg,9
677,6263.jpg,9
678,10721.jpg,9
679,900.jpg,9
680,57483.jpg,9
681,15912.jpg,9
682,29397.jpg,9
683,9870.jpg,9
684,28960.jpg,9
685,33592.jpg,9
686,39834.jpg,9
687,58426.jpg,9
688,40507.jpg,9
689,24243.jpg,9
690,19126.jpg,9
691,27226.jpg,9
692,48789.jpg,9
693,49469.jpg,9
694,57219.jpg,9
695,6993.jpg,9
696,25624.jpg,9
697,28279.jpg,9
698,34517.jpg,9
699,14409.jpg,9
700,520.jpg,9
701,29486.jpg,9
702,50217.jpg,9
703,30987.jpg,9
704,29445.jpg,9
705,44962.jpg,9
706,16727.jpg,9
707,52328.jpg,9
708,10772.jpg,9
709,55313.jpg,9
710,13563.jpg,9
711,53784.jpg,9
712,4209.jpg,9
713,32745.jpg,9
714,1622.jpg,9
715,17972.jpg,9
716,8141.jpg,9
717,20513.jpg,9
718,23998.jpg,9
719,43138.jpg,9
720,33642.jpg,9
721,48330.jpg,9
722,12914.jpg,9
723,3594.jpg,9
724,4771.jpg,9
725,43223.jpg,9
726,1569.jpg,9
727,34163.jpg,9
728,34885.jpg,9
729,16815.jpg,9
730,54222.jpg,9
731,17707.jpg,9
732,32594.jpg,9
733,27397.jpg,9
734,21869.jpg,9
735,29868.jpg,9
736,58179.jpg,9
737,20207.jpg,9
738,23212.jpg,9
739,600.jpg,9
740,32930.jpg,9
741,24387.jpg,9
742,27015.jpg,9
743,27748.jpg,9
744,2763.jpg,9
745,35991.jpg,9
746,51132.jpg,9
747,52910.jpg,9
748,41562.jpg,9
749,1410.jpg,9
750,14915.jpg,9
751,59214.jpg,9
752,34668.jpg,9
753,24413.jpg,9
754,53948.jpg,9
755,14289.jpg,9
756,34608.jpg,9
757,28538.jpg,9
758,34476.jpg,9
759,47292.jpg,9
760,12200.jpg,9
761,42870.jpg,9
762,36102.jpg,9
763,18500.jpg,9
764,52304.jpg,9
765,30110.jpg,9
766,32249.jpg,9
767,7667.jpg,9
768,59404.jpg,9
769,28574.jpg,9
770,31917.jpg,9
771,58129.jpg,9
772,35013.jpg,9
773,20126.jpg,9
774,50079.jpg,9
775,3284.jpg,9
776,20763.jpg,9
777,37127.jpg,9
778,48580.jpg,9
779,11557.jpg,9
780,53251.jpg,9
781,32848.jpg,9
782,32417.jpg,9
783,28927.jpg,9
784,29802.jpg,9
785,21969.jpg,9
786,20358.jpg,9
787,15235.jpg,9
788,9176.jpg,9
789,12096.jpg,9
790,6893.jpg,9
791,17181.jpg,9
792,35084.jpg,9
793,39537.jpg,9
794,13672.jpg,9
795,30825.jpg,9
796,6564.jpg,9
797,1399.jpg,9
798,16006.jpg,9
799,4399.jpg,9
800,54192.jpg,8
801,2369.jpg,8
802,33621.jpg,8
803,42096.jpg,8
804,265.jpg,8
805,47057.jpg,8
806,34422.jpg,8
807,12944.jpg,8
808,50413.jpg,8
809,43504.jpg,8
810,17364.jpg,8
811,52445.jpg,8
812,40957.jpg,8
813,17194.jpg,8
814,28480.jpg,8
815,40750.jpg,8
816,33150.jpg,8
817,11035.jpg,8
818,53640.jpg,8
819,52050.jpg,8
820,14495.jpg,8
821,52671.jpg,8
822,40296.jpg,8
823,57031.jpg,8
824,18467.jpg,8
825,37783.jpg,8
826,37039.jpg,8
827,43096.jpg,8
828,23064.jpg,8
829,28233.jpg,8
830,35501.jpg,8
831,51897.jpg,8
832,31119.jpg,8
833,7035.jpg,8
834,20269.jpg,8
835,50013.jpg,8
836,4692.jpg,8
837,53082.jpg,8
838,43181.jpg,8
839,97.jpg,8
840,2210.jpg,8
841,31479.jpg,8
842,38685.jpg,8
843,57210.jpg,8
844,10837.jpg,8
845,26351.jpg,8
846,54295.jpg,8
847,26474.jpg,8
848,40295.jpg,8
849,28931.jpg,8
850,18041.jpg,8
851,16284.jpg,8
852,46647.jpg,8
853,42384.jpg,8
854,51160.jpg,8
855,41873.jpg,8
856,23817.jpg,8
857,18623.jpg,8
858,29016.jpg,8
859,17244.jpg,8
860,52070.jpg,8
861,1713.jpg,8
862,20758.jpg,8
863,11704.jpg,8
864,18933.jpg,8
865,21211.jpg,8
866,31816.jpg,8
867,26935.jpg,8
868,51244.jpg,8
869,42442.jpg,8
870,8067.jpg,8
871,37129.jpg,8
872,26893.jpg,8
873,18762.jpg,8
874,46154.jpg,8
875,54450.jpg,8
876,16552.jpg,8
877,160.jpg,8
878,36585.jpg,8
879,24002.jpg,8
880,30803.jpg,8
881,24309.jpg,8
882,33778.jpg,8
883,6905.jpg,8
884,54665.jpg,8
885,50035.jpg,8
886,36367.jpg,8
887,38510.jpg,8
888,7441.jpg,8
889,31656.jpg,8
890,9982.jpg,8
891,34678.jpg,8
892,14494.jpg,8
893,24065.jpg,8
894,47421.jpg,8
895,58138.jpg,8
896,20062.jpg,8
897,10115.jpg,8
898,30516.jpg,8
899,41544.jpg,8
900,53648.jpg,8
901,34763.jpg,8
902,35751.jpg,8
903,53653.jpg,8
904,24160.jpg,8
905,4348.jpg,8
906,7141.jpg,8
907,20812.jpg,8
908,8031.jpg,8
909,13920.jpg,8
910,42832.jpg,8
911,10233.jpg,8
912,602.jpg,8
913,21913.jpg,8
914,33059.jpg,8
915,10054.jpg,8
916,38912.jpg,8
917,5916.jpg,8
918,54842.jpg,8
919,19079.jpg,8
920,7320.jpg,8
921,46121.jpg,8
922,55268.jpg,8
923,55043.jpg,8
924,17628.jpg,8
925,58776.jpg,8
926,35398.jpg,8
927,34820.jpg,8
928,34565.jpg,8
929,47328.jpg,8
930,52592.jpg,8
931,17170.jpg,8
932,24026.jpg,8
933,4582.jpg,8
934,50996.jpg,8
935,41751.jpg,8
936,12379.jpg,8
937,29777.jpg,8
938,25514.jpg,8
939,10422.jpg,8
940,31259.jpg,8
941,29745.jpg,8
942,18967.jpg,8
943,23035.jpg,8
944,32573.jpg,8
945,3792.jpg,8
946,2668.jpg,8
947,51014.jpg,8
948,11613.jpg,8
949,13677.jpg,8
950,11067.jpg,8
951,25976.jpg,8
952,29280.jpg,8
953,55145.jpg,8
954,34417.jpg,8
955,16339.jpg,8
956,47478.jpg,8
957,47615.jpg,8
958,24937.jpg,8
959,54185.jpg,8
960,54352.jpg,8
961,11213.jpg,8
962,7681.jpg,8
963,47304.jpg,8
964,15861.jpg,8
965,55530.jpg,8
966,16559.jpg,8
967,39144.jpg,8
968,51163.jpg,8
969,1484.jpg,8
970,22150.jpg,8
971,8918.jpg,8
972,44270.jpg,8
973,56396.jpg,8
974,23296.jpg,8
975,33193.jpg,8
976,37396.jpg,8
977,34154.jpg,8
978,55026.jpg,8
979,30172.jpg,8
980,49822.jpg,8
981,13876.jpg,8
982,45918.jpg,8
983,1237.jpg,8
984,27508.jpg,8
985,29082.jpg,8
986,49073.jpg,8
987,1853.jpg,8
988,23347.jpg,8
989,56956.jpg,8
990,47080.jpg,8
991,19475.jpg,8
992,45293.jpg,8
993,5183.jpg,8
994,42388.jpg,8
995,37125.jpg,8
996,14203.jpg,8
997,18811.jpg,8
998,43403.jpg,8
999,8397.jpg,8
1000,40680.jpg,4
1001,35144.jpg,4
1002,13473.jpg,4
1003,10303.jpg,4
1004,28312.jpg,4
1005,20599.jpg,4
1006,48903.jpg,4
1007,13463.jpg,4
1008,36428.jpg,4
1009,26763.jpg,4
1010,9795.jpg,4
1011,21430.jpg,4
1012,18617.jpg,4
1013,17474.jpg,4
1014,3984.jpg,4
1015,30066.jpg,4
1016,8796.jpg,4
1017,58208.jpg,4
1018,11434.jpg,4
1019,22327.jpg,4
1020,28043.jpg,4
1021,12639.jpg,4
1022,18101.jpg,4
1023,27346.jpg,4
1024,7090.jpg,4
1025,2206.jpg,4
1026,48522.jpg,4
1027,10033.jpg,4
1028,50203.jpg,4
1029,16875.jpg,4
1030,29538.jpg,4
1031,5047.jpg,4
1032,42099.jpg,4
1033,46734.jpg,4
1034,18854.jpg,4
1035,54657.jpg,4
1036,58463.jpg,4
1037,5118.jpg,4
1038,39151.jpg,4
1039,39563.jpg,4
1040,5755.jpg,4
1041,6656.jpg,4
1042,25380.jpg,4
1043,57940.jpg,4
1044,4454.jpg,4
1045,52704.jpg,4
1046,44291.jpg,4
1047,13104.jpg,4
1048,20053.jpg,4
1049,59534.jpg,4
1050,35705.jpg,4
1051,48582.jpg,4
1052,4274.jpg,4
1053,27517.jpg,4
1054,50419.jpg,4
1055,15456.jpg,4
1056,24432.jpg,4
1057,9761.jpg,4
1058,17300.jpg,4
1059,44528.jpg,4
1060,55136.jpg,4
1061,49092.jpg,4
1062,23696.jpg,4
1063,21134.jpg,4
1064,57343.jpg,4
1065,44213.jpg,4
1066,55197.jpg,4
1067,56856.jpg,4
1068,23933.jpg,4
1069,40990.jpg,4
1070,28614.jpg,4
1071,59862.jpg,4
1072,13426.jpg,4
1073,34808.jpg,4
1074,25558.jpg,4
1075,43112.jpg,4
1076,53945.jpg,4
1077,28919.jpg,4
1078,5954.jpg,4
1079,58066.jpg,4
1080,47070.jpg,4
1081,56699.jpg,4
1082,22905.jpg,4
1083,42812.jpg,4
1084,43239.jpg,4
1085,35662.jpg,4
1086,54637.jpg,4
1087,8399.jpg,4
1088,40392.jpg,4
1089,40766.jpg,4
1090,38786.jpg,4
1091,25925.jpg,4
1092,51482.jpg,4
1093,6323.jpg,4
1094,46955.jpg,4
1095,39723.jpg,4
1096,11953.jpg,4
1097,54852.jpg,4
1098,32673.jpg,4
1099,48172.jpg,4
1100,18223.jpg,4
1101,47210.jpg,4
1102,19059.jpg,4
1103,56094.jpg,4
1104,33285.jpg,4
1105,21263.jpg,4
1106,289.jpg,4
1107,55418.jpg,4
1108,19287.jpg,4
1109,23014.jpg,4
1110,3625.jpg,4
1111,26281.jpg,4
1112,37975.jpg,4
1113,34994.jpg,4
1114,40919.jpg,4
1115,3278.jpg,4
1116,8787.jpg,4
1117,17740.jpg,4
1118,50319.jpg,4
1119,4318.jpg,4
1120,39983.jpg,4
1121,12075.jpg,4
1122,48508.jpg,4
1123,54785.jpg,4
1124,35546.jpg,4
1125,22482.jpg,4
1126,413.jpg,4
1127,14538.jpg,4
1128,4616.jpg,4
1129,34303.jpg,4
1130,53596.jpg,4
1131,50591.jpg,4
1132,43626.jpg,4
1133,45017.jpg,4
1134,31315.jpg,4
1135,677.jpg,4
1136,11145.jpg,4
1137,8270.jpg,4
1138,41354.jpg,4
1139,32683.jpg,4
1140,21340.jpg,4
1141,38111.jpg,4
1142,45353.jpg,4
1143,12618.jpg,4
1144,35136.jpg,4
1145,33125.jpg,4
1146,52457.jpg,4
1147,29196.jpg,4
1148,43119.jpg,4
1149,39245.jpg,4
1150,6519.jpg,4
1151,37603.jpg,4
1152,30863.jpg,4
1153,37633.jpg,4
1154,25170.jpg,4
1155,23904.jpg,4
1156,54046.jpg,4
1157,25668.jpg,4
1158,26769.jpg,4
1159,41796.jpg,4
1160,10870.jpg,4
1161,56406.jpg,4
1162,21837.jpg,4
1163,37074.jpg,4
1164,41925.jpg,4
1165,18011.jpg,4
1166,1744.jpg,4
1167,14740.jpg,4
1168,5720.jpg,4
1169,29922.jpg,4
1170,44013.jpg,4
1171,1079.jpg,4
1172,45740.jpg,4
1173,36557.jpg,4
1174,34830.jpg,4
1175,27575.jpg,4
1176,12935.jpg,4
1177,55087.jpg,4
1178,18589.jpg,4
1179,57135.jpg,4
1180,1461.jpg,4
1181,20056.jpg,4
1182,2800.jpg,4
1183,28081.jpg,4
1184,37546.jpg,4
1185,6035.jpg,4
1186,5944.jpg,4
1187,12595.jpg,4
1188,39186.jpg,4
1189,56440.jpg,4
1190,23432.jpg,4
1191,15111.jpg,4
1192,1762.jpg,4
1193,39607.jpg,4
1194,46881.jpg,4
1195,59743.jpg,4
1196,48546.jpg,4
1197,38567.jpg,4
1198,2902.jpg,4
1199,59159.jpg,4
1200,1848.jpg,7
1201,59925.jpg,7
1202,47181.jpg,7
1203,33957.jpg,7
1204,45279.jpg,7
1205,37402.jpg,7
1206,32629.jpg,7
1207,44398.jpg,7
1208,54472.jpg,7
1209,39535.jpg,7
1210,48724.jpg,7
1211,44212.jpg,7
1212,27554.jpg,7
1213,37107.jpg,7
1214,12742.jpg,7
1215,37753.jpg,7
1216,27561.jpg,7
1217,50351.jpg,7
1218,7306.jpg,7
1219,12363.jpg,7
1220,43346.jpg,7
1221,24025.jpg,7
1222,5741.jpg,7
1223,51532.jpg,7
1224,48893.jpg,7
1225,50891.jpg,7
1226,55180.jpg,7
1227,10890.jpg,7
1228,47416.jpg,7
1229,59118.jpg,7
1230,45548.jpg,7
1231,36969.jpg,7
1232,40368.jpg,7
1233,14242.jpg,7
1234,5283.jpg,7
1235,17007.jpg,7
1236,45551.jpg,7
1237,23787.jpg,7
1238,59115.jpg,7
1239,8198.jpg,7
1240,58393.jpg,7
1241,33582.jpg,7
1242,52013.jpg,7
1243,17114.jpg,7
1244,39580.jpg,7
1245,34132.jpg,7
1246,11266.jpg,7
1247,12806.jpg,7
1248,19379.jpg,7
1249,37963.jpg,7
1250,3060.jpg,7
1251,39390.jpg,7
1252,52992.jpg,7
1253,54193.jpg,7
1254,31210.jpg,7
1255,41131.jpg,7
1256,28641.jpg,7
1257,21885.jpg,7
1258,21478.jpg,7
1259,3620.jpg,7
1260,29423.jpg,7
1261,1958.jpg,7
1262,48343.jpg,7
1263,21587.jpg,7
1264,58988.jpg,7
1265,53137.jpg,7
1266,36748.jpg,7
1267,3324.jpg,7
1268,44015.jpg,7
1269,30841.jpg,7
1270,9548.jpg,7
1271,58485.jpg,7
1272,11164.jpg,7
1273,23782.jpg,7
1274,4285.jpg,7
1275,55094.jpg,7
1276,43279.jpg,7
1277,11594.jpg,7
1278,43898.jpg,7
1279,56503.jpg,7
1280,8345.jpg,7
1281,7568.jpg,7
1282,36134.jpg,7
1283,54957.jpg,7
1284,5504.jpg,7
1285,37279.jpg,7
1286,56453.jpg,7
1287,30495.jpg,7
1288,16383.jpg,7
1289,50963.jpg,7
1290,387.jpg,7
1291,47717.jpg,7
1292,17267.jpg,7
1293,8237.jpg,7
1294,4643.jpg,7
1295,36643.jpg,7
1296,53023.jpg,7
1297,11528.jpg,7
1298,58950.jpg,7
1299,36762.jpg,7
1300,8044.jpg,7
1301,4141.jpg,7
1302,6358.jpg,7
1303,57512.jpg,7
1304,19978.jpg,7
1305,49093.jpg,7
1306,39752.jpg,7
1307,35711.jpg,7
1308,58299.jpg,7
1309,49738.jpg,7
1310,30414.jpg,7
1311,44500.jpg,7
1312,31992.jpg,7
1313,43710.jpg,7
1314,29105.jpg,7
1315,18408.jpg,7
1316,46957.jpg,7
1317,16419.jpg,7
1318,2244.jpg,7
1319,29859.jpg,7
1320,57905.jpg,7
1321,5855.jpg,7
1322,497.jpg,7
1323,43238.jpg,7
1324,33307.jpg,7
1325,41527.jpg,7
1326,8214.jpg,7
1327,16990.jpg,7
1328,12048.jpg,7
1329,38257.jpg,7
1330,19424.jpg,7
1331,6315.jpg,7
1332,21021.jpg,7
1333,26287.jpg,7
1334,47613.jpg,7
1335,54477.jpg,7
1336,23164.jpg,7
1337,54695.jpg,7
1338,28211.jpg,7
1339,6403.jpg,7
1340,23000.jpg,7
1341,42169.jpg,7
1342,51166.jpg,7
1343,50942.jpg,7
1344,42211.jpg,7
1345,55021.jpg,7
1346,53183.jpg,7
1347,41184.jpg,7
1348,40506.jpg,7
1349,34981.jpg,7
1350,58816.jpg,7
1351,7334.jpg,7
1352,49758.jpg,7
1353,12849.jpg,7
1354,35225.jpg,7
1355,34278.jpg,7
1356,50224.jpg,7
1357,22259.jpg,7
1358,25058.jpg,7
1359,1205.jpg,7
1360,37602.jpg,7
1361,29516.jpg,7
1362,42148.jpg,7
1363,59276.jpg,7
1364,27453.jpg,7
1365,44588.jpg,7
1366,27235.jpg,7
1367,47337.jpg,7
1368,6566.jpg,7
1369,55117.jpg,7
1370,42378.jpg,7
1371,10969.jpg,7
1372,6361.jpg,7
1373,23784.jpg,7
1374,51523.jpg,7
1375,46638.jpg,7
1376,11822.jpg,7
1377,8803.jpg,7
1378,4785.jpg,7
1379,91.jpg,7
1380,141.jpg,7
1381,35781.jpg,7
1382,43400.jpg,7
1383,14898.jpg,7
1384,30728.jpg,7
1385,8444.jpg,7
1386,30674.jpg,7
1387,34142.jpg,7
1388,55147.jpg,7
1389,26679.jpg,7
1390,9077.jpg,7
1391,33241.jpg,7
1392,2711.jpg,7
1393,44062.jpg,7
1394,9432.jpg,7
1395,11125.jpg,7
1396,54106.jpg,7
1397,41854.jpg,7
1398,53242.jpg,7
1399,27635.jpg,7
1400,25243.jpg,0
1401,37968.jpg,0
1402,36783.jpg,0
1403,56635.jpg,0
1404,31112.jpg,0
1405,17200.jpg,0
1406,49443.jpg,0
1407,526.jpg,0
1408,15628.jpg,0
1409,50444.jpg,0
1410,5468.jpg,0
1411,5512.jpg,0
1412,4556.jpg,0
1413,47042.jpg,0
1414,17941.jpg,0
1415,14160.jpg,0
1416,31410.jpg,0
1417,44730.jpg,0
1418,12457.jpg,0
1419,47156.jpg,0
1420,50026.jpg,0
1421,58062.jpg,0
1422,3884.jpg,0
1423,37921.jpg,0
1424,19171.jpg,0
1425,27209.jpg,0
1426,28809.jpg,0
1427,49370.jpg,0
1428,26840.jpg,0
1429,38211.jpg,0
1430,53893.jpg,0
1431,16642.jpg,0
1432,22829.jpg,0
1433,2404.jpg,0
1434,16866.jpg,0
1435,5015.jpg,0
1436,42374.jpg,0
1437,3514.jpg,0
1438,56608.jpg,0
1439,10874.jpg,0
1440,11318.jpg,0
1441,53785.jpg,0
1442,33172.jpg,0
1443,29394.jpg,0
1444,4535.jpg,0
1445,24698.jpg,0
1446,41376.jpg,0
1447,49853.jpg,0
1448,39504.jpg,0
1449,17133.jpg,0
1450,27145.jpg,0
1451,14356.jpg,0
1452,49220.jpg,0
1453,3709.jpg,0
1454,633.jpg,0
1455,2160.jpg,0
1456,50328.jpg,0
1457,33003.jpg,0
1458,45255.jpg,0
1459,48185.jpg,0
1460,53403.jpg,0
1461,22706.jpg,0
1462,33136.jpg,0
1463,4265.jpg,0
1464,46292.jpg,0
1465,33345.jpg,0
1466,58500.jpg,0
1467,26930.jpg,0
1468,43081.jpg,0
1469,54214.jpg,0
1470,59313.jpg,0
1471,24151.jpg,0
1472,14820.jpg,0
1473,58861.jpg,0
1474,27859.jpg,0
1475,30141.jpg,0
1476,33933.jpg,0
1477,38873.jpg,0
1478,47822.jpg,0
1479,30734.jpg,0
1480,52161.jpg,0
1481,27082.jpg,0
1482,15581.jpg,0
1483,28824.jpg,0
1484,18936.jpg,0
1485,46654.jpg,0
1486,39075.jpg,0
1487,22362.jpg,0
1488,9322.jpg,0
1489,51845.jpg,0
1490,22605.jpg,0
1491,35816.jpg,0
1492,52204.jpg,0
1493,59142.jpg,0
1494,5883.jpg,0
1495,59051.jpg,0
1496,7911.jpg,0
1497,42985.jpg,0
1498,38543.jpg,0
1499,13764.jpg,0
1500,19325.jpg,0
1501,40877.jpg,0
1502,31470.jpg,0
1503,35775.jpg,0
1504,13896.jpg,0
1505,24952.jpg,0
1506,9840.jpg,0
1507,16518.jpg,0
1508,19857.jpg,0
1509,36549.jpg,0
1510,47072.jpg,0
1511,11851.jpg,0
1512,47887.jpg,0
1513,17051.jpg,0
1514,45748.jpg,0
1515,33534.jpg,0
1516,32489.jpg,0
1517,40179.jpg,0
1518,55251.jpg,0
1519,14717.jpg,0
1520,14158.jpg,0
1521,49389.jpg,0
1522,58866.jpg,0
1523,22744.jpg,0
1524,56219.jpg,0
1525,21358.jpg,0
1526,39295.jpg,0
1527,31502.jpg,0
1528,43011.jpg,0
1529,31154.jpg,0
1530,23108.jpg,0
1531,1363.jpg,0
1532,55398.jpg,0
1533,41259.jpg,0
1534,9222.jpg,0
1535,10334.jpg,0
1536,20645.jpg,0
1537,53928.jpg,0
1538,2765.jpg,0
1539,23131.jpg,0
1540,43102.jpg,0
1541,4870.jpg,0
1542,1495.jpg,0
1543,48863.jpg,0
1544,20533.jpg,0
1545,26058.jpg,0
1546,4344.jpg,0
1547,16423.jpg,0
1548,30618.jpg,0
1549,24225.jpg,0
1550,31830.jpg,0
1551,29177.jpg,0
1552,18563.jpg,0
1553,28607.jpg,0
1554,40396.jpg,0
1555,712.jpg,0
1556,56940.jpg,0
1557,39233.jpg,0
1558,9034.jpg,0
1559,42817.jpg,0
1560,14334.jpg,0
1561,29243.jpg,0
1562,44333.jpg,0
1563,44184.jpg,0
1564,58668.jpg,0
1565,7691.jpg,0
1566,15992.jpg,0
1567,34919.jpg,0
1568,4289.jpg,0
1569,15064.jpg,0
1570,54609.jpg,0
1571,42005.jpg,0
1572,1771.jpg,0
1573,8533.jpg,0
1574,26073.jpg,0
1575,58002.jpg,0
1576,2066.jpg,0
1577,42389.jpg,0
1578,6979.jpg,0
1579,37642.jpg,0
1580,24629.jpg,0
1581,49310.jpg,0
1582,24640.jpg,0
1583,34502.jpg,0
1584,41358.jpg,0
1585,30700.jpg,0
1586,50909.jpg,0
1587,11701.jpg,0
1588,18725.jpg,0
1589,39735.jpg,0
1590,48200.jpg,0
1591,5694.jpg,0
1592,34416.jpg,0
1593,13913.jpg,0
1594,29805.jpg,0
1595,44815.jpg,0
1596,51997.jpg,0
1597,31095.jpg,0
1598,27659.jpg,0
1599,34699.jpg,0
1600,7175.jpg,1
1601,59713.jpg,1
1602,50453.jpg,1
1603,4140.jpg,1
1604,1786.jpg,1
1605,14516.jpg,1
1606,10068.jpg,1
1607,6511.jpg,1
1608,45433.jpg,1
1609,56252.jpg,1
1610,10136.jpg,1
1611,9875.jpg,1
1612,28522.jpg,1
1613,40352.jpg,1
1614,40509.jpg,1
1615,33943.jpg,1
1616,3675.jpg,1
1617,22700.jpg,1
1618,17872.jpg,1
1619,52616.jpg,1
1620,39328.jpg,1
1621,27111.jpg,1
1622,38317.jpg,1
1623,14427.jpg,1
1624,45363.jpg,1
1625,29396.jpg,1
1626,12932.jpg,1
1627,26009.jpg,1
1628,28334.jpg,1
1629,4766.jpg,1
1630,53611.jpg,1
1631,56349.jpg,1
1632,6701.jpg,1
1633,2151.jpg,1
1634,53143.jpg,1
1635,28250.jpg,1
1636,43984.jpg,1
1637,59912.jpg,1
1638,55583.jpg,1
1639,36744.jpg,1
1640,31663.jpg,1
1641,8177.jpg,1
1642,56584.jpg,1
1643,52777.jpg,1
1644,58610.jpg,1
1645,14964.jpg,1
1646,27785.jpg,1
1647,41418.jpg,1
1648,13701.jpg,1
1649,37482.jpg,1
1650,34655.jpg,1
1651,8811.jpg,1
1652,2994.jpg,1
1653,9734.jpg,1
1654,29068.jpg,1
1655,44446.jpg,1
1656,39554.jpg,1
1657,53087.jpg,1
1658,31916.jpg,1
1659,30126.jpg,1
1660,4553.jpg,1
1661,35089.jpg,1
1662,55671.jpg,1
1663,37828.jpg,1
1664,59645.jpg,1
1665,59836.jpg,1
1666,5262.jpg,1
1667,34927.jpg,1
1668,22419.jpg,1
1669,3464.jpg,1
1670,4186.jpg,1
1671,43261.jpg,1
1672,36317.jpg,1
1673,553.jpg,1
1674,36864.jpg,1
1675,32005.jpg,1
1676,25876.jpg,1
1677,28822.jpg,1
1678,35399.jpg,1
1679,30158.jpg,1
1680,4813.jpg,1
1681,46865.jpg,1
1682,12230.jpg,1
1683,6463.jpg,1
1684,38697.jpg,1
1685,58479.jpg,1
1686,1450.jpg,1
1687,24102.jpg,1
1688,33841.jpg,1
1689,50827.jpg,1
1690,1131.jpg,1
1691,17834.jpg,1
1692,17883.jpg,1
1693,28738.jpg,1
1694,31848.jpg,1
1695,56734.jpg,1
1696,7693.jpg,1
1697,11228.jpg,1
1698,42819.jpg,1
1699,5850.jpg,1
1700,43249.jpg,1
1701,39367.jpg,1
1702,16562.jpg,1
1703,45989.jpg,1
1704,34426.jpg,1
1705,43790.jpg,1
1706,19273.jpg,1
1707,8963.jpg,1
1708,56007.jpg,1
1709,39888.jpg,1
1710,49359.jpg,1
1711,32958.jpg,1
1712,36765.jpg,1
1713,13113.jpg,1
1714,6793.jpg,1
1715,12383.jpg,1
1716,42486.jpg,1
1717,10364.jpg,1
1718,35508.jpg,1
1719,18906.jpg,1
1720,4237.jpg,1
1721,6775.jpg,1
1722,19068.jpg,1
1723,5168.jpg,1
1724,40443.jpg,1
1725,52382.jpg,1
1726,38585.jpg,1
1727,22045.jpg,1
1728,22462.jpg,1
1729,47681.jpg,1
1730,2784.jpg,1
1731,42630.jpg,1
1732,23012.jpg,1
1733,14462.jpg,1
1734,28970.jpg,1
1735,32411.jpg,1
1736,37045.jpg,1
1737,59965.jpg,1
1738,34373.jpg,1
1739,20322.jpg,1
1740,20373.jpg,1
1741,52416.jpg,1
1742,32187.jpg,1
1743,51129.jpg,1
1744,14154.jpg,1
1745,19099.jpg,1
1746,38357.jpg,1
1747,27792.jpg,1
1748,48189.jpg,1
1749,31963.jpg,1
1750,42098.jpg,1
1751,12434.jpg,1
1752,8486.jpg,1
1753,4944.jpg,1
1754,23908.jpg,1
1755,22466.jpg,1
1756,47910.jpg,1
1757,52291.jpg,1
1758,20083.jpg,1
1759,41266.jpg,1
1760,25049.jpg,1
1761,50850.jpg,1
1762,7469.jpg,1
1763,54087.jpg,1
1764,46934.jpg,1
1765,20195.jpg,1
1766,5756.jpg,1
1767,10007.jpg,1
1768,55155.jpg,1
1769,32743.jpg,1
1770,50907.jpg,1
1771,47442.jpg,1
1772,24216.jpg,1
1773,26910.jpg,1
1774,24368.jpg,1
1775,45495.jpg,1
1776,8530.jpg,1
1777,33861.jpg,1
1778,52020.jpg,1
1779,39757.jpg,1
1780,7495.jpg,1
1781,29448.jpg,1
1782,44887.jpg,1
1783,47542.jpg,1
1784,8430.jpg,1
1785,8806.jpg,1
1786,24707.jpg,1
1787,57193.jpg,1
1788,22727.jpg,1
1789,41554.jpg,1
1790,57957.jpg,1
1791,46015.jpg,1
1792,30179.jpg,1
1793,3878.jpg,1
1794,15435.jpg,1
1795,51120.jpg,1
1796,51564.jpg,1
1797,7040.jpg,1
1798,38975.jpg,1
1799,26388.jpg,1
1800,10665.jpg,5
1801,45211.jpg,5
1802,57231.jpg,5
1803,50366.jpg,5
1804,27000.jpg,5
1805,32567.jpg,5
1806,43696.jpg,5
1807,51097.jpg,5
1808,21005.jpg,5
1809,31022.jpg,5
1810,3681.jpg,5
1811,56116.jpg,5
1812,9845.jpg,5
1813,38134.jpg,5
1814,9170.jpg,5
1815,12996.jpg,5
1816,46733.jpg,5
1817,7311.jpg,5
1818,51559.jpg,5
1819,14867.jpg,5
1820,53069.jpg,5
1821,21583.jpg,5
1822,44494.jpg,5
1823,21833.jpg,5
1824,47718.jpg,5
1825,5776.jpg,5
1826,16553.jpg,5
1827,51994.jpg,5
1828,22211.jpg,5
1829,50111.jpg,5
1830,50173.jpg,5
1831,28994.jpg,5
1832,2965.jpg,5
1833,20881.jpg,5
1834,6359.jpg,5
1835,53907.jpg,5
1836,37226.jpg,5
1837,50406.jpg,5
1838,2651.jpg,5
1839,44481.jpg,5
1840,52896.jpg,5
1841,2549.jpg,5
1842,57248.jpg,5
1843,15742.jpg,5
1844,33494.jpg,5
1845,11118.jpg,5
1846,50778.jpg,5
1847,44634.jpg,5
1848,36918.jpg,5
1849,1864.jpg,5
1850,42337.jpg,5
1851,56339.jpg,5
1852,24559.jpg,5
1853,31230.jpg,5
1854,1824.jpg,5
1855,49682.jpg,5
1856,10701.jpg,5
1857,22920.jpg,5
1858,14994.jpg,5
1859,30991.jpg,5
1860,34270.jpg,5
1861,35097.jpg,5
1862,3695.jpg,5
1863,22827.jpg,5
1864,59574.jpg,5
1865,28261.jpg,5
1866,4057.jpg,5
1867,21632.jpg,5
1868,30697.jpg,5
1869,52474.jpg,5
1870,55287.jpg,5
1871,45624.jpg,5
1872,58419.jpg,5
1873,10546.jpg,5
1874,20635.jpg,5
1875,11182.jpg,5
1876,36539.jpg,5
1877,28280.jpg,5
1878,5828.jpg,5
1879,51039.jpg,5
1880,24716.jpg,5
1881,4948.jpg,5
1882,26675.jpg,5
1883,19019.jpg,5
1884,28732.jpg,5
1885,29834.jpg,5
1886,17312.jpg,5
1887,16356.jpg,5
1888,52999.jpg,5
1889,44664.jpg,5
1890,43233.jpg,5
1891,53193.jpg,5
1892,23249.jpg,5
1893,21914.jpg,5
1894,43585.jpg,5
1895,35394.jpg,5
1896,42122.jpg,5
1897,13505.jpg,5
1898,29100.jpg,5
1899,59426.jpg,5
1900,18080.jpg,5
1901,23920.jpg,5
1902,16908.jpg,5
1903,6749.jpg,5
1904,22638.jpg,5
1905,20534.jpg,5
1906,1278.jpg,5
1907,5742.jpg,5
1908,32915.jpg,5
1909,13284.jpg,5
1910,19306.jpg,5
1911,23827.jpg,5
1912,3921.jpg,5
1913,15315.jpg,5
1914,51727.jpg,5
1915,22779.jpg,5
1916,19469.jpg,5
1917,7659.jpg,5
1918,32277.jpg,5
1919,51610.jpg,5
1920,56852.jpg,5
1921,1039.jpg,5
1922,23183.jpg,5
1923,32386.jpg,5
1924,26143.jpg,5
1925,28384.jpg,5
1926,50831.jpg,5
1927,12574.jpg,5
1928,22205.jpg,5
1929,34309.jpg,5
1930,59091.jpg,5
1931,50420.jpg,5
1932,9138.jpg,5
1933,23011.jpg,5
1934,53634.jpg,5
1935,19920.jpg,5
1936,16112.jpg,5
1937,43676.jpg,5
1938,59945.jpg,5
1939,26313.jpg,5
1940,13021.jpg,5
1941,29708.jpg,5
1942,22302.jpg,5
1943,39405.jpg,5
1944,11456.jpg,5
1945,51800.jpg,5
1946,4908.jpg,5
1947,25726.jpg,5
1948,10598.jpg,5
1949,27154.jpg,5
1950,31946.jpg,5
1951,18573.jpg,5
1952,50252.jpg,5
1953,25508.jpg,5
1954,32724.jpg,5
1955,32603.jpg,5
1956,38608.jpg,5
1957,9414.jpg,5
1958,30081.jpg,5
1959,21820.jpg,5
1960,37313.jpg,5
1961,3205.jpg,5
1962,24921.jpg,5
1963,1834.jpg,5
1964,41602.jpg,5
1965,31010.jpg,5
1966,24353.jpg,5
1967,22264.jpg,5
1968,19858.jpg,5
1969,38628.jpg,5
1970,6513.jpg,5
1971,1087.jpg,5
1972,757.jpg,5
1973,43503.jpg,5
1974,34843.jpg,5
1975,46720.jpg,5
1976,23516.jpg,5
1977,55058.jpg,5
1978,32168.jpg,5
1979,22951.jpg,5
1980,12548.jpg,5
1981,39910.jpg,5
1982,35172.jpg,5
1983,1356.jpg,5
1984,58908.jpg,5
1985,57462.jpg,5
1986,18897.jpg,5
1987,44673.jpg,5
1988,41025.jpg,5
1989,32323.jpg,5
1990,4614.jpg,5
1991,44292.jpg,5
1992,48237.jpg,5
1993,2281.jpg,5
1994,1468.jpg,5
1995,26481.jpg,5
1996,2900.jpg,5
1997,14054.jpg,5
1998,57987.jpg,5
1999,41815.jpg,5
