,Unnamed: 0,imgs,labels
1180,1180,1461.jpg,4
1266,1266,36748.jpg,7
575,575,14517.jpg,2
1623,1623,14427.jpg,1
839,839,97.jpg,8
791,791,17181.jpg,9
1217,1217,50351.jpg,7
532,532,6624.jpg,2
659,659,55612.jpg,9
1131,1131,50591.jpg,4
1206,1206,32629.jpg,7
673,673,45944.jpg,9
44,44,41736.jpg,6
1650,1650,34655.jpg,1
1740,1740,20373.jpg,1
1918,1918,32277.jpg,5
1923,1923,32386.jpg,5
797,797,1399.jpg,9
1972,1972,757.jpg,5
611,611,54055.jpg,9
1996,1996,2900.jpg,5
663,663,7774.jpg,9
1921,1921,1039.jpg,5
494,494,35403.jpg,2
684,684,28960.jpg,9
686,686,39834.jpg,9
1603,1603,4140.jpg,1
239,239,15379.jpg,3
1090,1090,38786.jpg,4
1787,1787,57193.jpg,1
1200,1200,1848.jpg,7
1983,1983,1356.jpg,5
1119,1119,4318.jpg,4
652,652,1826.jpg,9
328,328,42476.jpg,3
774,774,50079.jpg,9
1036,1036,58463.jpg,4
534,534,381.jpg,2
1628,1628,28334.jpg,1
1864,1864,59574.jpg,5
1506,1506,9840.jpg,0
704,704,29445.jpg,9
1717,1717,10364.jpg,1
708,708,10772.jpg,9
1605,1605,14516.jpg,1
1341,1341,42169.jpg,7
212,212,34026.jpg,3
262,262,37280.jpg,3
350,350,41494.jpg,3
1834,1834,6359.jpg,5
1297,1297,11528.jpg,7
1843,1843,15742.jpg,5
443,443,3934.jpg,2
345,345,45545.jpg,3
1006,1006,48903.jpg,4
619,619,43000.jpg,9
1178,1178,18589.jpg,4
1233,1233,14242.jpg,7
1444,1444,4535.jpg,0
813,813,17194.jpg,8
124,124,30444.jpg,6
555,555,51983.jpg,2
81,81,5365.jpg,6
1312,1312,31992.jpg,7
1489,1489,51845.jpg,0
438,438,18776.jpg,2
1992,1992,48237.jpg,5
218,218,45264.jpg,3
1226,1226,55180.jpg,7
732,732,32594.jpg,9
1267,1267,3324.jpg,7
1059,1059,44528.jpg,4
1383,1383,14898.jpg,7
690,690,19126.jpg,9
1161,1161,56406.jpg,4
1982,1982,35172.jpg,5
1187,1187,12595.jpg,4
984,984,27508.jpg,8
122,122,51402.jpg,6
871,871,37129.jpg,8
950,950,11067.jpg,8
1906,1906,1278.jpg,5
1389,1389,26679.jpg,7
1216,1216,27561.jpg,7
1560,1560,14334.jpg,0
1741,1741,52416.jpg,1
974,974,23296.jpg,8
101,101,42558.jpg,6
1399,1399,27635.jpg,7
858,858,29016.jpg,8
1819,1819,14867.jpg,5
1117,1117,17740.jpg,4
1644,1644,58610.jpg,1
419,419,41766.jpg,2
360,360,59691.jpg,3
749,749,1410.jpg,9
334,334,36488.jpg,3
595,595,16408.jpg,2
1685,1685,58479.jpg,1
473,473,30534.jpg,2
247,247,14619.jpg,3
353,353,35248.jpg,3
1786,1786,24707.jpg,1
362,362,41624.jpg,3
1988,1988,41025.jpg,5
948,948,11613.jpg,8
1012,1012,18617.jpg,4
835,835,50013.jpg,8
990,990,47080.jpg,8
34,34,47492.jpg,6
582,582,5400.jpg,2
1210,1210,48724.jpg,7
1280,1280,8345.jpg,7
1330,1330,19424.jpg,7
777,777,37127.jpg,9
485,485,52188.jpg,2
1228,1228,47416.jpg,7
187,187,45338.jpg,6
666,666,21987.jpg,9
168,168,16332.jpg,6
294,294,24501.jpg,3
217,217,54730.jpg,3
1061,1061,49092.jpg,4
602,602,14142.jpg,9
447,447,1444.jpg,2
600,600,37919.jpg,9
1008,1008,36428.jpg,4
1071,1071,59862.jpg,4
489,489,7467.jpg,2
603,603,29124.jpg,9
1332,1332,21021.jpg,7
1237,1237,23787.jpg,7
72,72,24030.jpg,6
1176,1176,12935.jpg,4
814,814,28480.jpg,8
1654,1654,29068.jpg,1
1306,1306,39752.jpg,7
1095,1095,39723.jpg,4
1653,1653,9734.jpg,1
486,486,14876.jpg,2
1324,1324,33307.jpg,7
1818,1818,51559.jpg,5
1640,1640,31663.jpg,1
1554,1554,40396.jpg,0
1643,1643,52777.jpg,1
56,56,29686.jpg,6
1903,1903,6749.jpg,5
1281,1281,7568.jpg,7
1238,1238,59115.jpg,7
1793,1793,3878.jpg,1
917,917,5916.jpg,8
1871,1871,45624.jpg,5
932,932,24026.jpg,8
764,764,52304.jpg,9
1352,1352,49758.jpg,7
506,506,17137.jpg,2
418,418,43101.jpg,2
919,919,19079.jpg,8
1274,1274,4285.jpg,7
480,480,10264.jpg,2
1001,1001,35144.jpg,4
98,98,13760.jpg,6
1201,1201,59925.jpg,7
193,193,53754.jpg,6
1927,1927,12574.jpg,5
24,24,33910.jpg,6
451,451,16677.jpg,2
1165,1165,18011.jpg,4
664,664,47874.jpg,9
1970,1970,6513.jpg,5
367,367,35528.jpg,3
1575,1575,58002.jpg,0
581,581,26688.jpg,2
739,739,600.jpg,9
1541,1541,4870.jpg,0
1302,1302,6358.jpg,7
1463,1463,4265.jpg,0
1894,1894,43585.jpg,5
1013,1013,17474.jpg,4
1428,1428,26840.jpg,0
1453,1453,3709.jpg,0
1642,1642,56584.jpg,1
1687,1687,24102.jpg,1
938,938,25514.jpg,8
1392,1392,2711.jpg,7
1115,1115,3278.jpg,4
312,312,16193.jpg,3
1184,1184,37546.jpg,4
1360,1360,37602.jpg,7
657,657,56507.jpg,9
1950,1950,31946.jpg,5
365,365,37569.jpg,3
31,31,33934.jpg,6
1958,1958,30081.jpg,5
401,401,25412.jpg,2
803,803,42096.jpg,8
583,583,53512.jpg,2
1885,1885,29834.jpg,5
1732,1732,23012.jpg,1
1143,1143,12618.jpg,4
152,152,2486.jpg,6
1096,1096,11953.jpg,4
407,407,52898.jpg,2
648,648,29332.jpg,9
481,481,55899.jpg,2
953,953,55145.jpg,8
1701,1701,39367.jpg,1
1361,1361,29516.jpg,7
381,381,10402.jpg,3
1888,1888,52999.jpg,5
623,623,10857.jpg,9
526,526,12286.jpg,2
109,109,48689.jpg,6
970,970,22150.jpg,8
282,282,35582.jpg,3
1998,1998,57987.jpg,5
1544,1544,20533.jpg,0
1760,1760,25049.jpg,1
1140,1140,21340.jpg,4
1705,1705,43790.jpg,1
572,572,38652.jpg,2
1412,1412,4556.jpg,0
997,997,18811.jpg,8
1788,1788,22727.jpg,1
1817,1817,7311.jpg,5
5,5,55975.jpg,6
712,712,4209.jpg,9
1113,1113,34994.jpg,4
1693,1693,28738.jpg,1
108,108,3050.jpg,6
1193,1193,39607.jpg,4
1379,1379,91.jpg,7
559,559,29247.jpg,2
855,855,41873.jpg,8
250,250,55746.jpg,3
320,320,6632.jpg,3
1606,1606,10068.jpg,1
1250,1250,3060.jpg,7
772,772,35013.jpg,9
1450,1450,27145.jpg,0
439,439,27456.jpg,2
412,412,59177.jpg,2
864,864,18933.jpg,8
676,676,56212.jpg,9
1578,1578,6979.jpg,0
206,206,14916.jpg,3
246,246,40739.jpg,3
939,939,10422.jpg,8
427,427,16547.jpg,2
331,331,41233.jpg,3
1017,1017,58208.jpg,4
578,578,23716.jpg,2
1336,1336,23164.jpg,7
1041,1041,6656.jpg,4
468,468,36039.jpg,2
249,249,6827.jpg,3
1259,1259,3620.jpg,7
1289,1289,50963.jpg,7
1775,1775,45495.jpg,1
728,728,34885.jpg,9
1010,1010,9795.jpg,4
697,697,28279.jpg,9
904,904,24160.jpg,8
1465,1465,33345.jpg,0
515,515,14007.jpg,2
1155,1155,23904.jpg,4
1362,1362,42148.jpg,7
1287,1287,30495.jpg,7
1657,1657,53087.jpg,1
859,859,17244.jpg,8
1514,1514,45748.jpg,0
141,141,20663.jpg,6
1669,1669,3464.jpg,1
809,809,43504.jpg,8
1633,1633,2151.jpg,1
1097,1097,54852.jpg,4
121,121,7868.jpg,6
30,30,52908.jpg,6
1802,1802,57231.jpg,5
836,836,4692.jpg,8
1625,1625,29396.jpg,1
1833,1833,20881.jpg,5
747,747,52910.jpg,9
100,100,31204.jpg,6
391,391,7980.jpg,3
1454,1454,633.jpg,0
1479,1479,30734.jpg,0
1645,1645,14964.jpg,1
816,816,33150.jpg,8
445,445,40562.jpg,2
1941,1941,29708.jpg,5
437,437,14121.jpg,2
1956,1956,38608.jpg,5
1969,1969,38628.jpg,5
1134,1134,31315.jpg,4
406,406,53656.jpg,2
815,815,40750.jpg,8
364,364,33009.jpg,3
379,379,27173.jpg,3
550,550,36693.jpg,2
232,232,3670.jpg,3
1435,1435,5015.jpg,0
944,944,32573.jpg,8
4,4,16792.jpg,6
71,71,38856.jpg,6
292,292,15938.jpg,3
746,746,51132.jpg,9
849,849,28931.jpg,8
127,127,13941.jpg,6
1936,1936,16112.jpg,5
1408,1408,15628.jpg,0
1516,1516,32489.jpg,0
1142,1142,45353.jpg,4
1051,1051,48582.jpg,4
537,537,25332.jpg,2
1720,1720,4237.jpg,1
1708,1708,56007.jpg,1
117,117,43225.jpg,6
285,285,54481.jpg,3
1566,1566,15992.jpg,0
698,698,34517.jpg,9
1318,1318,2244.jpg,7
538,538,52839.jpg,2
954,954,34417.jpg,8
621,621,56216.jpg,9
291,291,38145.jpg,3
1111,1111,26281.jpg,4
1322,1322,497.jpg,7
1333,1333,26287.jpg,7
1258,1258,21478.jpg,7
236,236,55194.jpg,3
591,591,35331.jpg,2
896,896,20062.jpg,8
348,348,39928.jpg,3
576,576,29784.jpg,2
1232,1232,40368.jpg,7
234,234,55881.jpg,3
1728,1728,22462.jpg,1
1436,1436,42374.jpg,0
1093,1093,6323.jpg,4
1987,1987,44673.jpg,5
1507,1507,16518.jpg,0
1460,1460,53403.jpg,0
1589,1589,39735.jpg,0
235,235,30090.jpg,3
1265,1265,53137.jpg,7
613,613,27231.jpg,9
448,448,29290.jpg,2
175,175,16822.jpg,6
26,26,33063.jpg,6
696,696,25624.jpg,9
796,796,6564.jpg,9
1503,1503,35775.jpg,0
687,687,58426.jpg,9
1515,1515,33534.jpg,0
717,717,20513.jpg,9
1780,1780,7495.jpg,1
1596,1596,51997.jpg,0
922,922,55268.jpg,8
573,573,6764.jpg,2
1613,1613,40352.jpg,1
1935,1935,19920.jpg,5
1018,1018,11434.jpg,4
649,649,43419.jpg,9
1839,1839,44481.jpg,5
1537,1537,53928.jpg,0
1812,1812,9845.jpg,5
1531,1531,1363.jpg,0
1494,1494,5883.jpg,0
842,842,38685.jpg,8
1584,1584,41358.jpg,0
397,397,45675.jpg,3
1230,1230,45548.jpg,7
1752,1752,8486.jpg,1
1075,1075,43112.jpg,4
32,32,1731.jpg,6
1366,1366,27235.jpg,7
535,535,34218.jpg,2
1577,1577,42389.jpg,0
336,336,17435.jpg,3
1048,1048,20053.jpg,4
53,53,30715.jpg,6
1909,1909,13284.jpg,5
1133,1133,45017.jpg,4
165,165,12448.jpg,6
248,248,32281.jpg,3
918,918,54842.jpg,8
770,770,31917.jpg,9
883,883,6905.jpg,8
1523,1523,22744.jpg,0
958,958,24937.jpg,8
290,290,47746.jpg,3
907,907,20812.jpg,8
153,153,21753.jpg,6
1725,1725,52382.jpg,1
862,862,20758.jpg,8
964,964,15861.jpg,8
426,426,25735.jpg,2
6,6,33272.jpg,6
1722,1722,19068.jpg,1
689,689,24243.jpg,9
225,225,4638.jpg,3
1433,1433,2404.jpg,0
67,67,10037.jpg,6
79,79,47358.jpg,6
641,641,183.jpg,9
1916,1916,19469.jpg,5
142,142,25795.jpg,6
21,21,41214.jpg,6
1055,1055,15456.jpg,4
935,935,41751.jpg,8
1756,1756,47910.jpg,1
769,769,28574.jpg,9
1689,1689,50827.jpg,1
1221,1221,24025.jpg,7
1448,1448,39504.jpg,0
1040,1040,5755.jpg,4
1612,1612,28522.jpg,1
1212,1212,27554.jpg,7
460,460,29449.jpg,2
1154,1154,25170.jpg,4
1270,1270,9548.jpg,7
96,96,4078.jpg,6
1129,1129,34303.jpg,4
1162,1162,21837.jpg,4
1253,1253,54193.jpg,7
1602,1602,50453.jpg,1
399,399,7065.jpg,3
1386,1386,30674.jpg,7
1183,1183,28081.jpg,4
1004,1004,28312.jpg,4
705,705,44962.jpg,9
102,102,20076.jpg,6
570,570,54330.jpg,2
37,37,19157.jpg,6
261,261,43064.jpg,3
1477,1477,38873.jpg,0
891,891,34678.jpg,8
1256,1256,28641.jpg,7
1897,1897,13505.jpg,5
1774,1774,24368.jpg,1
1649,1649,37482.jpg,1
1092,1092,51482.jpg,4
470,470,54025.jpg,2
264,264,24278.jpg,3
1203,1203,33957.jpg,7
371,371,10155.jpg,3
1305,1305,49093.jpg,7
1107,1107,55418.jpg,4
635,635,26518.jpg,9
1811,1811,56116.jpg,5
1847,1847,44634.jpg,5
714,714,1622.jpg,9
1290,1290,387.jpg,7
413,413,3244.jpg,2
1491,1491,35816.jpg,0
1109,1109,23014.jpg,4
727,727,34163.jpg,9
433,433,31241.jpg,2
1511,1511,11851.jpg,0
1339,1339,6403.jpg,7
1901,1901,23920.jpg,5
191,191,41423.jpg,6
62,62,36291.jpg,6
1104,1104,33285.jpg,4
512,512,53878.jpg,2
593,593,40405.jpg,2
1128,1128,4616.jpg,4
1889,1889,44664.jpg,5
1275,1275,55094.jpg,7
132,132,7581.jpg,6
319,319,53165.jpg,3
962,962,7681.jpg,8
636,636,46065.jpg,9
1648,1648,13701.jpg,1
405,405,35347.jpg,2
315,315,27238.jpg,3
969,969,1484.jpg,8
1349,1349,34981.jpg,7
1807,1807,51097.jpg,5
821,821,52671.jpg,8
829,829,28233.jpg,8
759,759,47292.jpg,9
852,852,46647.jpg,8
424,424,48545.jpg,2
1358,1358,25058.jpg,7
1880,1880,24716.jpg,5
1024,1024,7090.jpg,4
679,679,900.jpg,9
471,471,9572.jpg,2
1112,1112,37975.jpg,4
514,514,27138.jpg,2
1458,1458,45255.jpg,0
1539,1539,23131.jpg,0
498,498,32435.jpg,2
233,233,51116.jpg,3
1326,1326,8214.jpg,7
713,713,32745.jpg,9
1288,1288,16383.jpg,7
199,199,1686.jpg,6
1815,1815,12996.jpg,5
711,711,53784.jpg,9
1929,1929,34309.jpg,5
1373,1373,23784.jpg,7
1771,1771,47442.jpg,1
1937,1937,43676.jpg,5
297,297,58774.jpg,3
1652,1652,2994.jpg,1
1509,1509,36549.jpg,0
645,645,37906.jpg,9
1320,1320,57905.jpg,7
553,553,51648.jpg,2
610,610,26730.jpg,9
503,503,13374.jpg,2
1930,1930,59091.jpg,5
1429,1429,38211.jpg,0
1749,1749,31963.jpg,1
1073,1073,34808.jpg,4
789,789,12096.jpg,9
1810,1810,3681.jpg,5
27,27,56098.jpg,6
837,837,53082.jpg,8
766,766,32249.jpg,9
240,240,35640.jpg,3
1026,1026,48522.jpg,4
201,201,46848.jpg,3
1711,1711,32958.jpg,1
590,590,48738.jpg,2
1456,1456,50328.jpg,0
1631,1631,56349.jpg,1
1441,1441,53785.jpg,0
323,323,18485.jpg,3
202,202,59092.jpg,3
1174,1174,34830.jpg,4
516,516,52331.jpg,2
1451,1451,14356.jpg,0
614,614,22824.jpg,9
1695,1695,56734.jpg,1
1445,1445,24698.jpg,0
1674,1674,36864.jpg,1
393,393,56504.jpg,3
203,203,28668.jpg,3
155,155,33474.jpg,6
978,978,55026.jpg,8
560,560,29519.jpg,2
404,404,43964.jpg,2
866,866,31816.jpg,8
1501,1501,40877.jpg,0
1449,1449,17133.jpg,0
710,710,13563.jpg,9
1496,1496,7911.jpg,0
1082,1082,22905.jpg,4
775,775,3284.jpg,9
733,733,27397.jpg,9
1088,1088,40392.jpg,4
1757,1757,52291.jpg,1
753,753,24413.jpg,9
1247,1247,12806.jpg,7
612,612,57636.jpg,9
637,637,12529.jpg,9
157,157,41351.jpg,6
1731,1731,42630.jpg,1
752,752,34668.jpg,9
1636,1636,43984.jpg,1
1472,1472,14820.jpg,0
384,384,12775.jpg,3
173,173,44394.jpg,6
88,88,49233.jpg,6
1718,1718,35508.jpg,1
207,207,49446.jpg,3
674,674,17959.jpg,9
819,819,52050.jpg,8
1308,1308,58299.jpg,7
762,762,36102.jpg,9
913,913,21913.jpg,8
1315,1315,18408.jpg,7
1528,1528,43011.jpg,0
1852,1852,24559.jpg,5
1028,1028,50203.jpg,4
830,830,35501.jpg,8
898,898,30516.jpg,8
129,129,38322.jpg,6
1925,1925,28384.jpg,5
1276,1276,43279.jpg,7
720,720,33642.jpg,9
1003,1003,10303.jpg,4
1618,1618,17872.jpg,1
1719,1719,18906.jpg,1
221,221,6340.jpg,3
1997,1997,14054.jpg,5
901,901,34763.jpg,8
340,340,4795.jpg,3
467,467,7939.jpg,2
1664,1664,59645.jpg,1
50,50,11386.jpg,6
967,967,39144.jpg,8
1419,1419,47156.jpg,0
1512,1512,47887.jpg,0
440,440,40899.jpg,2
565,565,26325.jpg,2
186,186,51311.jpg,6
1826,1826,16553.jpg,5
1145,1145,33125.jpg,4
1452,1452,49220.jpg,0
1344,1344,42211.jpg,7
2,2,47963.jpg,6
1699,1699,5850.jpg,1
977,977,34154.jpg,8
265,265,31596.jpg,3
643,643,34072.jpg,9
1377,1377,8803.jpg,7
266,266,39982.jpg,3
568,568,11748.jpg,2
1037,1037,5118.jpg,4
1343,1343,50942.jpg,7
1799,1799,26388.jpg,1
617,617,16039.jpg,9
1202,1202,47181.jpg,7
722,722,12914.jpg,9
558,558,46887.jpg,2
1461,1461,22706.jpg,0
1317,1317,16419.jpg,7
370,370,47173.jpg,3
1118,1118,50319.jpg,4
1027,1027,10033.jpg,4
144,144,50241.jpg,6
359,359,37652.jpg,3
1370,1370,42378.jpg,7
1169,1169,29922.jpg,4
354,354,52917.jpg,3
1627,1627,26009.jpg,1
915,915,10054.jpg,8
622,622,35623.jpg,9
892,892,14494.jpg,8
1881,1881,4948.jpg,5
87,87,26551.jpg,6
11,11,31203.jpg,6
804,804,265.jpg,8
1007,1007,13463.jpg,4
1378,1378,4785.jpg,7
1242,1242,52013.jpg,7
876,876,16552.jpg,8
386,386,33263.jpg,3
138,138,7700.jpg,6
700,700,520.jpg,9
1089,1089,40766.jpg,4
1615,1615,33943.jpg,1
316,316,26033.jpg,3
1209,1209,39535.jpg,7
1248,1248,19379.jpg,7
642,642,3781.jpg,9
549,549,25265.jpg,2
1263,1263,21587.jpg,7
97,97,59754.jpg,6
1380,1380,141.jpg,7
1069,1069,40990.jpg,4
1776,1776,8530.jpg,1
1858,1858,14994.jpg,5
196,196,33549.jpg,6
434,434,49430.jpg,2
69,69,29597.jpg,6
194,194,20469.jpg,6
1855,1855,49682.jpg,5
1638,1638,55583.jpg,1
1045,1045,52704.jpg,4
1114,1114,40919.jpg,4
798,798,16006.jpg,9
783,783,28927.jpg,9
195,195,17011.jpg,6
906,906,7141.jpg,8
1620,1620,39328.jpg,1
1712,1712,36765.jpg,1
1905,1905,20534.jpg,5
738,738,23212.jpg,9
322,322,38714.jpg,3
1794,1794,15435.jpg,1
1683,1683,6463.jpg,1
1058,1058,17300.jpg,4
1536,1536,20645.jpg,0
1556,1556,56940.jpg,0
245,245,55566.jpg,3
1763,1763,54087.jpg,1
1961,1961,3205.jpg,5
51,51,43413.jpg,6
301,301,7765.jpg,3
1899,1899,59426.jpg,5
536,536,6974.jpg,2
1703,1703,45989.jpg,1
204,204,51237.jpg,3
1047,1047,13104.jpg,4
1827,1827,51994.jpg,5
373,373,13293.jpg,3
1593,1593,13913.jpg,0
735,735,29868.jpg,9
289,289,19758.jpg,3
1064,1064,57343.jpg,4
457,457,11997.jpg,2
1714,1714,6793.jpg,1
92,92,50387.jpg,6
1057,1057,9761.jpg,4
1032,1032,42099.jpg,4
1225,1225,50891.jpg,7
1469,1469,54214.jpg,0
1304,1304,19978.jpg,7
1830,1830,50173.jpg,5
1418,1418,12457.jpg,0
672,672,25303.jpg,9
949,949,13677.jpg,8
488,488,58126.jpg,2
313,313,25689.jpg,3
1942,1942,22302.jpg,5
52,52,36698.jpg,6
1163,1163,37074.jpg,4
585,585,57104.jpg,2
1139,1139,32683.jpg,4
269,269,20626.jpg,3
1425,1425,27209.jpg,0
116,116,48886.jpg,6
1999,1999,41815.jpg,5
1604,1604,1786.jpg,1
1098,1098,32673.jpg,4
1241,1241,33582.jpg,7
627,627,57896.jpg,9
833,833,7035.jpg,8
533,533,38409.jpg,2
779,779,11557.jpg,9
0,0,47877.jpg,6
946,946,2668.jpg,8
785,785,21969.jpg,9
853,853,42384.jpg,8
1837,1837,50406.jpg,5
1798,1798,38975.jpg,1
799,799,4399.jpg,9
656,656,33199.jpg,9
1181,1181,20056.jpg,4
1164,1164,41925.jpg,4
1432,1432,22829.jpg,0
253,253,21582.jpg,3
1214,1214,12742.jpg,7
459,459,55202.jpg,2
272,272,48193.jpg,3
1153,1153,37633.jpg,4
1455,1455,2160.jpg,0
1951,1951,18573.jpg,5
1924,1924,26143.jpg,5
651,651,26155.jpg,9
1882,1882,26675.jpg,5
49,49,4349.jpg,6
1681,1681,46865.jpg,1
35,35,21696.jpg,6
358,358,3713.jpg,3
1975,1975,46720.jpg,5
1158,1158,26769.jpg,4
973,973,56396.jpg,8
136,136,10383.jpg,6
1042,1042,25380.jpg,4
1068,1068,23933.jpg,4
1917,1917,7659.jpg,5
1867,1867,21632.jpg,5
1825,1825,5776.jpg,5
1755,1755,22466.jpg,1
338,338,55737.jpg,3
243,243,51085.jpg,3
1427,1427,49370.jpg,0
1813,1813,38134.jpg,5
1700,1700,43249.jpg,1
130,130,12177.jpg,6
484,484,7029.jpg,2
1168,1168,5720.jpg,4
744,744,2763.jpg,9
1767,1767,10007.jpg,1
277,277,2408.jpg,3
587,587,23718.jpg,2
518,518,22688.jpg,2
707,707,52328.jpg,9
1085,1085,35662.jpg,4
620,620,18860.jpg,9
1724,1724,40443.jpg,1
961,961,11213.jpg,8
1062,1062,23696.jpg,4
784,784,29802.jpg,9
1471,1471,24151.jpg,0
1762,1762,7469.jpg,1
1530,1530,23108.jpg,0
1804,1804,27000.jpg,5
1295,1295,36643.jpg,7
1736,1736,37045.jpg,1
1952,1952,50252.jpg,5
644,644,49599.jpg,9
1182,1182,2800.jpg,4
671,671,1884.jpg,9
1105,1105,21263.jpg,4
1282,1282,36134.jpg,7
1849,1849,1864.jpg,5
510,510,36853.jpg,2
1869,1869,52474.jpg,5
1857,1857,22920.jpg,5
1782,1782,44887.jpg,1
1116,1116,8787.jpg,4
715,715,17972.jpg,9
1915,1915,22779.jpg,5
1070,1070,28614.jpg,4
1257,1257,21885.jpg,7
584,584,23610.jpg,2
1660,1660,4553.jpg,1
1442,1442,33172.jpg,0
941,941,29745.jpg,8
660,660,8721.jpg,9
1900,1900,18080.jpg,5
1146,1146,52457.jpg,4
1136,1136,11145.jpg,4
453,453,16532.jpg,2
402,402,10898.jpg,2
436,436,6549.jpg,2
1236,1236,45551.jpg,7
299,299,57172.jpg,3
843,843,57210.jpg,8
771,771,58129.jpg,9
258,258,425.jpg,3
556,556,52316.jpg,2
1294,1294,4643.jpg,7
971,971,8918.jpg,8
942,942,18967.jpg,8
499,499,38937.jpg,2
1910,1910,19306.jpg,5
1123,1123,54785.jpg,4
349,349,34710.jpg,3
1464,1464,46292.jpg,0
409,409,54314.jpg,2
1300,1300,8044.jpg,7
170,170,15896.jpg,6
832,832,31119.jpg,8
341,341,45655.jpg,3
1676,1676,25876.jpg,1
1430,1430,53893.jpg,0
273,273,58544.jpg,3
1966,1966,24353.jpg,5
93,93,5561.jpg,6
1545,1545,26058.jpg,0
658,658,53142.jpg,9
792,792,35084.jpg,9
737,737,20207.jpg,9
355,355,10093.jpg,3
1487,1487,22362.jpg,0
423,423,34944.jpg,2
586,586,47235.jpg,2
1672,1672,36317.jpg,1
1348,1348,40506.jpg,7
1641,1641,8177.jpg,1
1922,1922,23183.jpg,5
563,563,29853.jpg,2
1046,1046,44291.jpg,4
99,99,13085.jpg,6
495,495,17579.jpg,2
1543,1543,48863.jpg,0
669,669,36777.jpg,9
1748,1748,48189.jpg,1
185,185,16847.jpg,6
462,462,48767.jpg,2
398,398,26739.jpg,3
596,596,15440.jpg,2
1583,1583,34502.jpg,0
730,730,54222.jpg,9
670,670,59486.jpg,9
1984,1984,58908.jpg,5
1498,1498,38543.jpg,0
1283,1283,54957.jpg,7
1394,1394,9432.jpg,7
580,580,38637.jpg,2
216,216,27741.jpg,3
491,491,56009.jpg,2
1919,1919,51610.jpg,5
1540,1540,43102.jpg,0
1204,1204,45279.jpg,7
982,982,45918.jpg,8
1932,1932,9138.jpg,5
1493,1493,59142.jpg,0
1130,1130,53596.jpg,4
1582,1582,24640.jpg,0
1661,1661,35089.jpg,1
1495,1495,59051.jpg,0
14,14,35055.jpg,6
1147,1147,29196.jpg,4
1967,1967,22264.jpg,5
530,530,17595.jpg,2
1337,1337,54695.jpg,7
1886,1886,17312.jpg,5
1955,1955,32603.jpg,5
224,224,5396.jpg,3
1791,1791,46015.jpg,1
1964,1964,41602.jpg,5
588,588,10411.jpg,2
992,992,45293.jpg,8
1576,1576,2066.jpg,0
680,680,57483.jpg,9
388,388,38294.jpg,3
761,761,42870.jpg,9
989,989,56956.jpg,8
1160,1160,10870.jpg,4
504,504,23410.jpg,2
1473,1473,58861.jpg,0
632,632,3649.jpg,9
1031,1031,5047.jpg,4
894,894,47421.jpg,8
924,924,17628.jpg,8
872,872,26893.jpg,8
1954,1954,32724.jpg,5
169,169,35154.jpg,6
914,914,33059.jpg,8
980,980,49822.jpg,8
875,875,54450.jpg,8
1371,1371,10969.jpg,7
1599,1599,34699.jpg,0
527,527,39145.jpg,2
47,47,51295.jpg,6
507,507,14807.jpg,2
54,54,57756.jpg,6
1156,1156,54046.jpg,4
1547,1547,16423.jpg,0
574,574,8614.jpg,2
1138,1138,41354.jpg,4
23,23,12468.jpg,6
1747,1747,27792.jpg,1
726,726,1569.jpg,9
548,548,49160.jpg,2
158,158,33929.jpg,6
760,760,12200.jpg,9
826,826,37039.jpg,8
1962,1962,24921.jpg,5
1325,1325,41527.jpg,7
342,342,42343.jpg,3
778,778,48580.jpg,9
1021,1021,12639.jpg,4
638,638,19629.jpg,9
351,351,6687.jpg,3
73,73,20486.jpg,6
70,70,24474.jpg,6
592,592,14702.jpg,2
1309,1309,49738.jpg,7
346,346,13519.jpg,3
1354,1354,35225.jpg,7
58,58,8140.jpg,6
1690,1690,1131.jpg,1
1865,1865,28261.jpg,5
286,286,36990.jpg,3
9,9,39736.jpg,6
1480,1480,52161.jpg,0
601,601,39657.jpg,9
1019,1019,22327.jpg,4
463,463,56876.jpg,2
1768,1768,55155.jpg,1
1353,1353,12849.jpg,7
1462,1462,33136.jpg,0
502,502,5528.jpg,2
750,750,14915.jpg,9
1091,1091,25925.jpg,4
1862,1862,3695.jpg,5
302,302,36755.jpg,3
1414,1414,17941.jpg,0
1393,1393,44062.jpg,7
893,893,24065.jpg,8
899,899,41544.jpg,8
1388,1388,55147.jpg,7
1677,1677,28822.jpg,1
134,134,25358.jpg,6
259,259,48321.jpg,3
1525,1525,21358.jpg,0
171,171,49478.jpg,6
1686,1686,1450.jpg,1
446,446,25156.jpg,2
805,805,47057.jpg,8
1342,1342,51166.jpg,7
1696,1696,7693.jpg,1
828,828,23064.jpg,8
270,270,34208.jpg,3
123,123,23186.jpg,6
1579,1579,37642.jpg,0
885,885,50035.jpg,8
1883,1883,19019.jpg,5
89,89,9237.jpg,6
822,822,40296.jpg,8
86,86,28934.jpg,6
1457,1457,33003.jpg,0
1141,1141,38111.jpg,4
1390,1390,9077.jpg,7
682,682,29397.jpg,9
579,579,47688.jpg,2
1077,1077,28919.jpg,4
318,318,3178.jpg,3
654,654,10685.jpg,9
731,731,17707.jpg,9
347,347,49966.jpg,3
149,149,52858.jpg,6
851,851,16284.jpg,8
1692,1692,17883.jpg,1
1524,1524,56219.jpg,0
1568,1568,4289.jpg,0
1904,1904,22638.jpg,5
1742,1742,32187.jpg,1
1363,1363,59276.jpg,7
1157,1157,25668.jpg,4
1971,1971,1087.jpg,5
677,677,6263.jpg,9
1908,1908,32915.jpg,5
1796,1796,51564.jpg,1
271,271,24251.jpg,3
41,41,11479.jpg,6
996,996,14203.jpg,8
531,531,56473.jpg,2
387,387,20203.jpg,3
374,374,1661.jpg,3
511,511,43184.jpg,2
1351,1351,7334.jpg,7
993,993,5183.jpg,8
773,773,20126.jpg,9
934,934,50996.jpg,8
3,3,12759.jpg,6
1666,1666,5262.jpg,1
1081,1081,56699.jpg,4
428,428,43617.jpg,2
721,721,48330.jpg,9
422,422,55540.jpg,2
482,482,46105.jpg,2
1863,1863,22827.jpg,5
1327,1327,16990.jpg,7
180,180,35433.jpg,6
742,742,27015.jpg,9
598,598,32382.jpg,2
332,332,55383.jpg,3
75,75,28222.jpg,6
1678,1678,35399.jpg,1
1415,1415,14160.jpg,0
1691,1691,17834.jpg,1
655,655,45689.jpg,9
848,848,40295.jpg,8
188,188,19562.jpg,6
65,65,44452.jpg,6
251,251,33594.jpg,3
1758,1758,20083.jpg,1
1478,1478,47822.jpg,0
975,975,33193.jpg,8
167,167,24576.jpg,6
238,238,35015.jpg,3
869,869,42442.jpg,8
1490,1490,22605.jpg,0
1981,1981,39910.jpg,5
1207,1207,44398.jpg,7
1053,1053,27517.jpg,4
1016,1016,8796.jpg,4
1624,1624,45363.jpg,1
421,421,15137.jpg,2
1125,1125,22482.jpg,4
1581,1581,49310.jpg,0
74,74,49510.jpg,6
29,29,59032.jpg,6
827,827,43096.jpg,8
1533,1533,41259.jpg,0
1821,1821,21583.jpg,5
605,605,44469.jpg,9
1468,1468,43081.jpg,0
1254,1254,31210.jpg,7
699,699,14409.jpg,9
768,768,59404.jpg,9
1611,1611,9875.jpg,1
542,542,24055.jpg,2
763,763,18500.jpg,9
330,330,11999.jpg,3
500,500,25923.jpg,2
215,215,3550.jpg,3
685,685,33592.jpg,9
528,528,22044.jpg,2
1518,1518,55251.jpg,0
25,25,41308.jpg,6
972,972,44270.jpg,8
1979,1979,22951.jpg,5
455,455,2078.jpg,2
1673,1673,553.jpg,1
508,508,27761.jpg,2
1269,1269,30841.jpg,7
1474,1474,27859.jpg,0
1175,1175,27575.jpg,4
1585,1585,30700.jpg,0
1301,1301,4141.jpg,7
1398,1398,53242.jpg,7
160,160,41303.jpg,6
683,683,9870.jpg,9
254,254,54655.jpg,3
606,606,56906.jpg,9
1912,1912,3921.jpg,5
184,184,665.jpg,6
718,718,23998.jpg,9
1338,1338,28211.jpg,7
1634,1634,53143.jpg,1
615,615,20434.jpg,9
1492,1492,52204.jpg,0
1420,1420,50026.jpg,0
1484,1484,18936.jpg,0
1025,1025,2206.jpg,4
1989,1989,32323.jpg,5
999,999,8397.jpg,8
566,566,29025.jpg,2
1369,1369,55117.jpg,7
28,28,16667.jpg,6
545,545,50452.jpg,2
1726,1726,38585.jpg,1
668,668,59050.jpg,9
1990,1990,4614.jpg,5
1504,1504,13896.jpg,0
994,994,42388.jpg,8
1750,1750,42098.jpg,1
1860,1860,34270.jpg,5
1215,1215,37753.jpg,7
933,933,4582.jpg,8
1985,1985,57462.jpg,5
1396,1396,54106.jpg,7
930,930,52592.jpg,8
1662,1662,55671.jpg,1
1766,1766,5756.jpg,1
1945,1945,51800.jpg,5
1978,1978,32168.jpg,5
1292,1292,17267.jpg,7
1039,1039,39563.jpg,4
1034,1034,18854.jpg,4
748,748,41562.jpg,9
410,410,34441.jpg,2
1665,1665,59836.jpg,1
1842,1842,57248.jpg,5
268,268,33225.jpg,3
415,415,46956.jpg,2
1947,1947,25726.jpg,5
886,886,36367.jpg,8
818,818,53640.jpg,8
928,928,34565.jpg,8
435,435,1800.jpg,2
1350,1350,58816.jpg,7
1177,1177,55087.jpg,4
226,226,53903.jpg,3
1733,1733,14462.jpg,1
1052,1052,4274.jpg,4
628,628,39576.jpg,9
333,333,3400.jpg,3
1079,1079,58066.jpg,4
1060,1060,55136.jpg,4
889,889,31656.jpg,8
1564,1564,58668.jpg,0
1094,1094,46955.jpg,4
1944,1944,11456.jpg,5
1573,1573,8533.jpg,0
84,84,13147.jpg,6
1100,1100,18223.jpg,4
59,59,45566.jpg,6
1078,1078,5954.jpg,4
275,275,57568.jpg,3
834,834,20269.jpg,8
723,723,3594.jpg,9
963,963,47304.jpg,8
1828,1828,22211.jpg,5
220,220,57492.jpg,3
1795,1795,51120.jpg,1
630,630,22050.jpg,9
1667,1667,34927.jpg,1
879,879,24002.jpg,8
1321,1321,5855.jpg,7
1508,1508,19857.jpg,0
260,260,13325.jpg,3
1334,1334,47613.jpg,7
497,497,7615.jpg,2
131,131,10709.jpg,6
1296,1296,53023.jpg,7
1520,1520,14158.jpg,0
854,854,51160.jpg,8
1211,1211,44212.jpg,7
1552,1552,18563.jpg,0
1262,1262,48343.jpg,7
1121,1121,12075.jpg,4
63,63,21934.jpg,6
139,139,10792.jpg,6
1190,1190,23432.jpg,4
256,256,51230.jpg,3
403,403,37671.jpg,2
557,557,31665.jpg,2
465,465,49098.jpg,2
1704,1704,34426.jpg,1
179,179,59981.jpg,6
1753,1753,4944.jpg,1
1218,1218,7306.jpg,7
466,466,43477.jpg,2
396,396,42588.jpg,3
1285,1285,37279.jpg,7
339,339,47676.jpg,3
208,208,34058.jpg,3
1746,1746,38357.jpg,1
1340,1340,23000.jpg,7
1759,1759,41266.jpg,1
1553,1553,28607.jpg,0
1679,1679,30158.jpg,1
1475,1475,30141.jpg,0
288,288,1677.jpg,3
375,375,9953.jpg,3
1682,1682,12230.jpg,1
884,884,54665.jpg,8
1790,1790,57957.jpg,1
1561,1561,29243.jpg,0
1614,1614,40509.jpg,1
912,912,602.jpg,8
80,80,5772.jpg,6
1243,1243,17114.jpg,7
94,94,6631.jpg,6
1044,1044,4454.jpg,4
46,46,41940.jpg,6
1279,1279,56503.jpg,7
1866,1866,4057.jpg,5
569,569,56263.jpg,2
1284,1284,5504.jpg,7
432,432,2019.jpg,2
162,162,31212.jpg,6
1179,1179,57135.jpg,4
1814,1814,9170.jpg,5
1476,1476,33933.jpg,0
1277,1277,11594.jpg,7
1382,1382,43400.jpg,7
931,931,17170.jpg,8
1173,1173,36557.jpg,4
283,283,26284.jpg,3
701,701,29486.jpg,9
1535,1535,10334.jpg,0
321,321,25809.jpg,3
1195,1195,59743.jpg,4
57,57,31612.jpg,6
1764,1764,46934.jpg,1
665,665,19024.jpg,9
841,841,31479.jpg,8
925,925,58776.jpg,8
729,729,16815.jpg,9
1716,1716,42486.jpg,1
1251,1251,39390.jpg,7
103,103,26614.jpg,6
1622,1622,38317.jpg,1
1099,1099,48172.jpg,4
1934,1934,53634.jpg,5
1772,1772,24216.jpg,1
1926,1926,50831.jpg,5
1824,1824,47718.jpg,5
1651,1651,8811.jpg,1
790,790,6893.jpg,9
176,176,54298.jpg,6
519,519,26630.jpg,2
1993,1993,2281.jpg,5
1252,1252,52992.jpg,7
902,902,35751.jpg,8
634,634,49003.jpg,9
317,317,41929.jpg,3
1106,1106,289.jpg,4
936,936,12379.jpg,8
42,42,57419.jpg,6
1043,1043,57940.jpg,4
1853,1853,31230.jpg,5
1570,1570,54609.jpg,0
325,325,26692.jpg,3
372,372,5392.jpg,3
1319,1319,29859.jpg,7
1773,1773,26910.jpg,1
456,456,37437.jpg,2
293,293,5442.jpg,3
55,55,52667.jpg,6
395,395,17155.jpg,3
1630,1630,53611.jpg,1
1635,1635,28250.jpg,1
1188,1188,39186.jpg,4
40,40,12201.jpg,6
444,444,22397.jpg,2
1836,1836,37226.jpg,5
650,650,58187.jpg,9
1829,1829,50111.jpg,5
1590,1590,48200.jpg,0
1335,1335,54477.jpg,7
1783,1783,47542.jpg,1
846,846,54295.jpg,8
1110,1110,3625.jpg,4
1314,1314,29105.jpg,7
976,976,37396.jpg,8
1316,1316,46957.jpg,7
1033,1033,46734.jpg,4
1502,1502,31470.jpg,0
1467,1467,26930.jpg,0
267,267,5922.jpg,3
693,693,49469.jpg,9
567,567,18300.jpg,2
1331,1331,6315.jpg,7
1223,1223,51532.jpg,7
845,845,26351.jpg,8
420,420,3199.jpg,2
991,991,19475.jpg,8
343,343,40463.jpg,3
1809,1809,31022.jpg,5
394,394,18948.jpg,3
1639,1639,36744.jpg,1
626,626,2370.jpg,9
678,678,10721.jpg,9
1403,1403,56635.jpg,0
8,8,9126.jpg,6
1655,1655,44446.jpg,1
1411,1411,5512.jpg,0
1600,1600,7175.jpg,1
1152,1152,30863.jpg,4
1729,1729,47681.jpg,1
1402,1402,36783.jpg,0
150,150,43744.jpg,6
479,479,46036.jpg,2
177,177,23958.jpg,6
1050,1050,35705.jpg,4
1261,1261,1958.jpg,7
525,525,53056.jpg,2
1127,1127,14538.jpg,4
1421,1421,58062.jpg,0
1108,1108,19287.jpg,4
1629,1629,4766.jpg,1
1437,1437,3514.jpg,0
48,48,13261.jpg,6
743,743,27748.jpg,9
442,442,40539.jpg,2
947,947,51014.jpg,8
995,995,37125.jpg,8
296,296,3552.jpg,3
1470,1470,59313.jpg,0
1446,1446,41376.jpg,0
147,147,28890.jpg,6
1035,1035,54657.jpg,4
562,562,29171.jpg,2
911,911,10233.jpg,8
1329,1329,38257.jpg,7
198,198,9863.jpg,6
1831,1831,28994.jpg,5
966,966,16559.jpg,8
709,709,55313.jpg,9
607,607,53247.jpg,9
741,741,24387.jpg,9
12,12,28943.jpg,6
639,639,1659.jpg,9
461,461,1660.jpg,2
61,61,40961.jpg,6
307,307,58747.jpg,3
209,209,25802.jpg,3
520,520,42310.jpg,2
126,126,49173.jpg,6
329,329,39116.jpg,3
1754,1754,23908.jpg,1
1668,1668,22419.jpg,1
154,154,17168.jpg,6
1080,1080,47070.jpg,4
1911,1911,23827.jpg,5
476,476,24803.jpg,2
694,694,57219.jpg,9
417,417,4212.jpg,2
1549,1549,24225.jpg,0
564,564,11491.jpg,2
1959,1959,21820.jpg,5
1671,1671,43261.jpg,1
1877,1877,28280.jpg,5
1939,1939,26313.jpg,5
1268,1268,44015.jpg,7
1743,1743,51129.jpg,1
242,242,44608.jpg,3
908,908,8031.jpg,8
392,392,15226.jpg,3
979,979,30172.jpg,8
1861,1861,35097.jpg,5
1505,1505,24952.jpg,0
1907,1907,5742.jpg,5
1562,1562,44333.jpg,0
1186,1186,5944.jpg,4
1557,1557,39233.jpg,0
1737,1737,59965.jpg,1
119,119,54390.jpg,6
987,987,1853.jpg,8
780,780,53251.jpg,9
702,702,50217.jpg,9
1734,1734,28970.jpg,1
517,517,16837.jpg,2
1213,1213,37107.jpg,7
807,807,12944.jpg,8
1707,1707,8963.jpg,1
1239,1239,8198.jpg,7
1438,1438,56608.jpg,0
380,380,48626.jpg,3
192,192,28975.jpg,6
1608,1608,45433.jpg,1
1574,1574,26073.jpg,0
227,227,15793.jpg,3
888,888,7441.jpg,8
1898,1898,29100.jpg,5
616,616,35189.jpg,9
1770,1770,50907.jpg,1
1884,1884,28732.jpg,5
389,389,59318.jpg,3
363,363,52565.jpg,3
431,431,45484.jpg,2
1084,1084,43239.jpg,4
1588,1588,18725.jpg,0
1313,1313,43710.jpg,7
1235,1235,17007.jpg,7
1854,1854,1824.jpg,5
1868,1868,30697.jpg,5
905,905,4348.jpg,8
1526,1526,39295.jpg,0
344,344,51655.jpg,3
1126,1126,413.jpg,4
1598,1598,27659.jpg,0
1873,1873,10546.jpg,5
920,920,7320.jpg,8
505,505,59030.jpg,2
1364,1364,27453.jpg,7
385,385,24271.jpg,3
1938,1938,59945.jpg,5
1965,1965,31010.jpg,5
1011,1011,21430.jpg,4
189,189,44463.jpg,6
172,172,43386.jpg,6
1192,1192,1762.jpg,4
521,521,57096.jpg,2
988,988,23347.jpg,8
1670,1670,4186.jpg,1
647,647,20341.jpg,9
1416,1416,31410.jpg,0
1789,1789,41554.jpg,1
309,309,31825.jpg,3
895,895,58138.jpg,8
408,408,7760.jpg,2
800,800,54192.jpg,8
817,817,11035.jpg,8
493,493,4451.jpg,2
1928,1928,22205.jpg,5
594,594,55507.jpg,2
524,524,6124.jpg,2
897,897,10115.jpg,8
1278,1278,43898.jpg,7
1310,1310,30414.jpg,7
926,926,35398.jpg,8
1658,1658,31916.jpg,1
145,145,39154.jpg,6
1440,1440,11318.jpg,0
1607,1607,6511.jpg,1
547,547,49917.jpg,2
1264,1264,58988.jpg,7
43,43,58415.jpg,6
1076,1076,53945.jpg,4
910,910,42832.jpg,8
1730,1730,2784.jpg,1
1307,1307,35711.jpg,7
986,986,49073.jpg,8
1395,1395,11125.jpg,7
1569,1569,15064.jpg,0
1137,1137,8270.jpg,4
1132,1132,43626.jpg,4
544,544,55528.jpg,2
85,85,25393.jpg,6
943,943,23035.jpg,8
631,631,16981.jpg,9
464,464,19767.jpg,2
937,937,29777.jpg,8
1914,1914,51727.jpg,5
1246,1246,11266.jpg,7
1558,1558,9034.jpg,0
1372,1372,6361.jpg,7
1684,1684,38697.jpg,1
1066,1066,55197.jpg,4
1893,1893,21914.jpg,5
523,523,46317.jpg,2
509,509,37307.jpg,2
1029,1029,16875.jpg,4
1663,1663,37828.jpg,1
36,36,45542.jpg,6
940,940,31259.jpg,8
1778,1778,52020.jpg,1
137,137,7086.jpg,6
1009,1009,26763.jpg,4
1878,1878,5828.jpg,5
490,490,12844.jpg,2
1482,1482,15581.jpg,0
1940,1940,13021.jpg,5
159,159,18821.jpg,6
77,77,6789.jpg,6
725,725,43223.jpg,9
1822,1822,44494.jpg,5
1401,1401,37968.jpg,0
1835,1835,53907.jpg,5
441,441,16760.jpg,2
383,383,27930.jpg,3
1617,1617,22700.jpg,1
1488,1488,9322.jpg,0
624,624,10794.jpg,9
66,66,28170.jpg,6
765,765,30110.jpg,9
120,120,12469.jpg,6
801,801,2369.jpg,8
1879,1879,51039.jpg,5
38,38,5374.jpg,6
1872,1872,58419.jpg,5
68,68,5218.jpg,6
110,110,50588.jpg,6
1405,1405,17200.jpg,0
1159,1159,41796.jpg,4
794,794,13672.jpg,9
781,781,32848.jpg,9
1459,1459,48185.jpg,0
1727,1727,22045.jpg,1
82,82,46067.jpg,6
1357,1357,22259.jpg,7
1135,1135,677.jpg,4
281,281,47669.jpg,3
734,734,21869.jpg,9
757,757,28538.jpg,9
1710,1710,49359.jpg,1
788,788,9176.jpg,9
927,927,34820.jpg,8
1197,1197,38567.jpg,4
522,522,28074.jpg,2
324,324,22674.jpg,3
105,105,1706.jpg,6
1220,1220,43346.jpg,7
326,326,26378.jpg,3
877,877,160.jpg,8
15,15,35566.jpg,6
860,860,52070.jpg,8
1417,1417,44730.jpg,0
183,183,26759.jpg,6
1702,1702,16562.jpg,1
113,113,27217.jpg,6
1375,1375,46638.jpg,7
1273,1273,23782.jpg,7
847,847,26474.jpg,8
608,608,22088.jpg,9
691,691,27226.jpg,9
981,981,13876.jpg,8
230,230,17409.jpg,3
452,452,44166.jpg,2
308,308,9078.jpg,3
357,357,53332.jpg,3
1559,1559,42817.jpg,0
276,276,9491.jpg,3
1311,1311,44500.jpg,7
1892,1892,23249.jpg,5
378,378,3466.jpg,3
237,237,7915.jpg,3
577,577,56493.jpg,2
1968,1968,19858.jpg,5
128,128,48493.jpg,6
311,311,7396.jpg,3
887,887,38510.jpg,8
182,182,18154.jpg,6
205,205,23281.jpg,3
163,163,56171.jpg,6
257,257,18528.jpg,3
1443,1443,29394.jpg,0
1404,1404,31112.jpg,0
252,252,16191.jpg,3
106,106,55196.jpg,6
1591,1591,5694.jpg,0
303,303,49529.jpg,3
1234,1234,5283.jpg,7
231,231,12307.jpg,3
1675,1675,32005.jpg,1
865,865,21211.jpg,8
1995,1995,26481.jpg,5
1410,1410,5468.jpg,0
1761,1761,50850.jpg,1
823,823,57031.jpg,8
1291,1291,47717.jpg,7
1698,1698,42819.jpg,1
916,916,38912.jpg,8
1167,1167,14740.jpg,4
1973,1973,43503.jpg,5
1876,1876,36539.jpg,5
1816,1816,46733.jpg,5
1171,1171,1079.jpg,4
695,695,6993.jpg,9
867,867,26935.jpg,8
64,64,6982.jpg,6
361,361,33986.jpg,3
1953,1953,25508.jpg,5
1303,1303,57512.jpg,7
10,10,45664.jpg,6
857,857,18623.jpg,8
1571,1571,42005.jpg,0
300,300,5408.jpg,3
1567,1567,34919.jpg,0
1407,1407,526.jpg,0
1400,1400,25243.jpg,0
1522,1522,58866.jpg,0
178,178,21041.jpg,6
844,844,10837.jpg,8
861,861,1713.jpg,8
1384,1384,30728.jpg,7
825,825,37783.jpg,8
1424,1424,19171.jpg,0
1166,1166,1744.jpg,4
1255,1255,41131.jpg,7
956,956,47478.jpg,8
945,945,3792.jpg,8
1626,1626,12932.jpg,1
241,241,255.jpg,3
1856,1856,10701.jpg,5
640,640,35824.jpg,9
39,39,33217.jpg,6
960,960,54352.jpg,8
1260,1260,29423.jpg,7
492,492,29911.jpg,2
1367,1367,47337.jpg,7
190,190,50266.jpg,6
1637,1637,59912.jpg,1
812,812,40957.jpg,8
1356,1356,50224.jpg,7
1994,1994,1468.jpg,5
1845,1845,11118.jpg,5
810,810,17364.jpg,8
1513,1513,17051.jpg,0
1891,1891,53193.jpg,5
197,197,40282.jpg,6
1946,1946,4908.jpg,5
1532,1532,55398.jpg,0
965,965,55530.jpg,8
543,543,22280.jpg,2
13,13,34003.jpg,6
1510,1510,47072.jpg,0
1890,1890,43233.jpg,5
1022,1022,18101.jpg,4
1486,1486,39075.jpg,0
1931,1931,50420.jpg,5
1902,1902,16908.jpg,5
284,284,51154.jpg,3
1735,1735,32411.jpg,1
808,808,50413.jpg,8
1808,1808,21005.jpg,5
1920,1920,56852.jpg,5
1049,1049,59534.jpg,4
255,255,25631.jpg,3
1548,1548,30618.jpg,0
890,890,9982.jpg,8
554,554,39434.jpg,2
337,337,2818.jpg,3
618,618,59238.jpg,9
1101,1101,47210.jpg,4
609,609,9784.jpg,9
719,719,43138.jpg,9
1103,1103,56094.jpg,4
1721,1721,6775.jpg,1
539,539,8428.jpg,2
1122,1122,48508.jpg,4
1240,1240,58393.jpg,7
1784,1784,8430.jpg,1
164,164,50160.jpg,6
1447,1447,49853.jpg,0
983,983,1237.jpg,8
425,425,43854.jpg,2
496,496,51212.jpg,2
1346,1346,53183.jpg,7
653,653,36779.jpg,9
310,310,28759.jpg,3
1030,1030,29538.jpg,4
1205,1205,37402.jpg,7
551,551,45412.jpg,2
501,501,46002.jpg,2
1848,1848,36918.jpg,5
376,376,36525.jpg,3
957,957,47615.jpg,8
1800,1800,10665.jpg,5
604,604,55468.jpg,9
951,951,25976.jpg,8
767,767,7667.jpg,9
1779,1779,39757.jpg,1
998,998,43403.jpg,8
1797,1797,7040.jpg,1
210,210,28276.jpg,3
1991,1991,44292.jpg,5
1694,1694,31848.jpg,1
1466,1466,58500.jpg,0
838,838,43181.jpg,8
1227,1227,10890.jpg,7
1801,1801,45211.jpg,5
1592,1592,34416.jpg,0
1485,1485,46654.jpg,0
1977,1977,55058.jpg,5
881,881,24309.jpg,8
1646,1646,27785.jpg,1
475,475,27434.jpg,2
1874,1874,20635.jpg,5
1974,1974,34843.jpg,5
1002,1002,13473.jpg,4
368,368,58343.jpg,3
1299,1299,36762.jpg,7
22,22,55162.jpg,6
16,16,36985.jpg,6
382,382,10042.jpg,3
1895,1895,35394.jpg,5
661,661,7094.jpg,9
17,17,34652.jpg,6
1434,1434,16866.jpg,0
1715,1715,12383.jpg,1
1144,1144,35136.jpg,4
874,874,46154.jpg,8
125,125,38172.jpg,6
1149,1149,39245.jpg,4
1431,1431,16642.jpg,0
1272,1272,11164.jpg,7
1194,1194,46881.jpg,4
1244,1244,39580.jpg,7
454,454,29717.jpg,2
1616,1616,3675.jpg,1
758,758,34476.jpg,9
633,633,24701.jpg,9
1538,1538,2765.jpg,0
625,625,56877.jpg,9
831,831,51897.jpg,8
782,782,32417.jpg,9
1948,1948,10598.jpg,5
278,278,22032.jpg,3
1224,1224,48893.jpg,7
968,968,51163.jpg,8
430,430,10130.jpg,2
214,214,1599.jpg,3
1709,1709,39888.jpg,1
1963,1963,1834.jpg,5
1765,1765,20195.jpg,1
1976,1976,23516.jpg,5
1376,1376,11822.jpg,7
1323,1323,43238.jpg,7
755,755,14289.jpg,9
921,921,46121.jpg,8
263,263,42931.jpg,3
802,802,33621.jpg,8
244,244,49390.jpg,3
1500,1500,19325.jpg,0
146,146,53111.jpg,6
1387,1387,34142.jpg,7
483,483,54297.jpg,2
751,751,59214.jpg,9
909,909,13920.jpg,8
449,449,52942.jpg,2
222,222,1428.jpg,3
19,19,37502.jpg,6
1355,1355,34278.jpg,7
1074,1074,25558.jpg,4
298,298,40811.jpg,3
151,151,25636.jpg,6
1621,1621,27111.jpg,1
1820,1820,53069.jpg,5
1286,1286,56453.jpg,7
1745,1745,19099.jpg,1
306,306,10796.jpg,3
1529,1529,31154.jpg,0
667,667,36629.jpg,9
1656,1656,39554.jpg,1
287,287,44211.jpg,3
1769,1769,32743.jpg,1
1374,1374,51523.jpg,7
793,793,39537.jpg,9
1086,1086,54637.jpg,4
1594,1594,29805.jpg,0
366,366,58587.jpg,3
83,83,45138.jpg,6
279,279,47587.jpg,3
1120,1120,39983.jpg,4
1328,1328,12048.jpg,7
1391,1391,33241.jpg,7
552,552,23887.jpg,2
1688,1688,33841.jpg,1
589,589,59855.jpg,2
1293,1293,8237.jpg,7
327,327,7261.jpg,3
900,900,53648.jpg,8
1063,1063,21134.jpg,4
1000,1000,40680.jpg,4
1859,1859,30991.jpg,5
161,161,15287.jpg,6
880,880,30803.jpg,8
335,335,58080.jpg,3
1586,1586,50909.jpg,0
223,223,48682.jpg,3
60,60,57514.jpg,6
18,18,15459.jpg,6
561,561,10785.jpg,2
703,703,30987.jpg,9
929,929,47328.jpg,8
487,487,14484.jpg,2
1659,1659,30126.jpg,1
1542,1542,1495.jpg,0
352,352,55144.jpg,3
472,472,52757.jpg,2
411,411,27239.jpg,2
133,133,10813.jpg,6
20,20,56964.jpg,6
1172,1172,45740.jpg,4
903,903,53653.jpg,8
1619,1619,52616.jpg,1
1065,1065,44213.jpg,4
1397,1397,41854.jpg,7
1850,1850,42337.jpg,5
1102,1102,19059.jpg,4
1551,1551,29177.jpg,0
1896,1896,42122.jpg,5
112,112,50086.jpg,6
681,681,15912.jpg,9
1601,1601,59713.jpg,1
76,76,35027.jpg,6
1844,1844,33494.jpg,5
200,200,6427.jpg,3
1347,1347,41184.jpg,7
1056,1056,24432.jpg,4
156,156,7049.jpg,6
1245,1245,34132.jpg,7
377,377,14880.jpg,3
1555,1555,712.jpg,0
115,115,56796.jpg,6
688,688,40507.jpg,9
806,806,34422.jpg,8
111,111,47191.jpg,6
78,78,47239.jpg,6
1151,1151,37603.jpg,4
1960,1960,37313.jpg,5
148,148,6673.jpg,6
1229,1229,59118.jpg,7
1875,1875,11182.jpg,5
1365,1365,44588.jpg,7
1072,1072,13426.jpg,4
1170,1170,44013.jpg,4
1546,1546,4344.jpg,0
1222,1222,5741.jpg,7
1423,1423,37921.jpg,0
414,414,52319.jpg,2
1385,1385,8444.jpg,7
1823,1823,21833.jpg,5
1497,1497,42985.jpg,0
458,458,49781.jpg,2
856,856,23817.jpg,8
1595,1595,44815.jpg,0
1124,1124,35546.jpg,4
143,143,32912.jpg,6
597,597,5236.jpg,2
478,478,28169.jpg,2
795,795,30825.jpg,9
1597,1597,31095.jpg,0
1723,1723,5168.jpg,1
1191,1191,15111.jpg,4
1409,1409,50444.jpg,0
1840,1840,52896.jpg,5
824,824,18467.jpg,8
786,786,20358.jpg,9
1483,1483,28824.jpg,0
91,91,21081.jpg,6
546,546,16772.jpg,2
1697,1697,11228.jpg,1
540,540,59290.jpg,2
776,776,20763.jpg,9
646,646,374.jpg,9
1067,1067,56856.jpg,4
1422,1422,3884.jpg,0
662,662,52093.jpg,9
1298,1298,58950.jpg,7
1406,1406,49443.jpg,0
295,295,38970.jpg,3
1832,1832,2965.jpg,5
1870,1870,55287.jpg,5
1781,1781,29448.jpg,1
1020,1020,28043.jpg,4
724,724,4771.jpg,9
1481,1481,27082.jpg,0
923,923,55043.jpg,8
1199,1199,59159.jpg,4
756,756,34608.jpg,9
736,736,58179.jpg,9
850,850,18041.jpg,8
1023,1023,27346.jpg,4
1785,1785,8806.jpg,1
1792,1792,30179.jpg,1
213,213,40572.jpg,3
1148,1148,43119.jpg,4
1713,1713,13113.jpg,1
1744,1744,14154.jpg,1
1777,1777,33861.jpg,1
33,33,40775.jpg,6
166,166,7785.jpg,6
1632,1632,6701.jpg,1
1851,1851,56339.jpg,5
706,706,16727.jpg,9
1,1,26889.jpg,6
1706,1706,19273.jpg,1
1381,1381,35781.jpg,7
1838,1838,2651.jpg,5
400,400,26800.jpg,2
754,754,53948.jpg,9
873,873,18762.jpg,8
107,107,52560.jpg,6
692,692,48789.jpg,9
787,787,15235.jpg,9
1527,1527,31502.jpg,0
416,416,190.jpg,2
863,863,11704.jpg,8
1499,1499,13764.jpg,0
1887,1887,16356.jpg,5
541,541,6685.jpg,2
1519,1519,14717.jpg,0
1271,1271,58485.jpg,7
280,280,6784.jpg,3
1054,1054,50419.jpg,4
7,7,9421.jpg,6
1739,1739,20322.jpg,1
45,45,12762.jpg,6
1517,1517,40179.jpg,0
878,878,36585.jpg,8
1846,1846,50778.jpg,5
1647,1647,41418.jpg,1
90,90,52518.jpg,6
477,477,32475.jpg,2
1609,1609,56252.jpg,1
429,429,33863.jpg,2
1841,1841,2549.jpg,5
1345,1345,55021.jpg,7
1913,1913,15315.jpg,5
1806,1806,43696.jpg,5
219,219,5067.jpg,3
959,959,54185.jpg,8
882,882,33778.jpg,8
1610,1610,10136.jpg,1
1219,1219,12363.jpg,7
745,745,35991.jpg,9
1565,1565,7691.jpg,0
1680,1680,4813.jpg,1
118,118,40862.jpg,6
1231,1231,36969.jpg,7
1249,1249,37963.jpg,7
675,675,7627.jpg,9
820,820,14495.jpg,8
1550,1550,31830.jpg,0
1359,1359,1205.jpg,7
1587,1587,11701.jpg,0
228,228,20565.jpg,3
1185,1185,6035.jpg,4
840,840,2210.jpg,8
868,868,51244.jpg,8
1805,1805,32567.jpg,5
211,211,42930.jpg,3
1572,1572,1771.jpg,0
513,513,57981.jpg,2
1980,1980,12548.jpg,5
529,529,59004.jpg,2
811,811,52445.jpg,8
1198,1198,2902.jpg,4
1014,1014,3984.jpg,4
599,599,34680.jpg,2
1015,1015,30066.jpg,4
305,305,32786.jpg,3
1949,1949,27154.jpg,5
140,140,10101.jpg,6
985,985,29082.jpg,8
1986,1986,18897.jpg,5
1208,1208,54472.jpg,7
1439,1439,10874.jpg,0
1580,1580,24629.jpg,0
1957,1957,9414.jpg,5
469,469,3741.jpg,2
1368,1368,6566.jpg,7
1196,1196,48546.jpg,4
571,571,37481.jpg,2
274,274,35986.jpg,3
1189,1189,56440.jpg,4
1563,1563,44184.jpg,0
740,740,32930.jpg,9
1738,1738,34373.jpg,1
952,952,29280.jpg,8
1083,1083,42812.jpg,4
1005,1005,20599.jpg,4
229,229,38983.jpg,3
1534,1534,9222.jpg,0
314,314,47678.jpg,3
104,104,34896.jpg,6
870,870,8067.jpg,8
390,390,34481.jpg,3
450,450,48417.jpg,2
174,174,48999.jpg,6
114,114,17524.jpg,6
356,356,53107.jpg,3
716,716,8141.jpg,9
955,955,16339.jpg,8
1150,1150,6519.jpg,4
1803,1803,50366.jpg,5
1521,1521,49389.jpg,0
304,304,4235.jpg,3
1038,1038,39151.jpg,4
135,135,30045.jpg,6
1943,1943,39405.jpg,5
95,95,41323.jpg,6
1751,1751,12434.jpg,1
1933,1933,23011.jpg,5
474,474,36450.jpg,2
1413,1413,47042.jpg,0
181,181,49328.jpg,6
1087,1087,8399.jpg,4
629,629,33961.jpg,9
1426,1426,28809.jpg,0
369,369,18739.jpg,3
